domain,count
i.redd.it,1466
self.Liberal,617
self.Anarchism,568
self.socialism,439
youtube.com,279
reddit.com,214
self.Conservative,196
youtu.be,145
nytimes.com,145
v.redd.it,140
thehill.com,139
apnews.com,124
self.PoliticalDiscussion,116
theguardian.com,113
reuters.com,100
nbcnews.com,96
politico.com,94
,89
cnn.com,88
nypost.com,86
self.worldpolitics,77
breitbart.com,77
foxnews.com,76
townhall.com,66
newsweek.com,66
dailywire.com,64
redstate.com,59
ft.com,57
npr.org,55
cbsnews.com,53
x.com,51
bbc.com,51
notthebee.com,49
wsj.com,47
washingtonpost.com,44
newrepublic.com,42
msnbc.com,39
axios.com,38
abcnews.go.com,38
b.l3n.co,37
politico.eu,36
thedailybeast.com,36
usatoday.com,36
economist.com,36
babylonbee.com,35
bloomberg.com,35
self.neoliberal,34
pjmedia.com,34
theatlantic.com,33
c.l3n.co,33
twitchy.com,32
cbc.ca,31
a.l3n.co,31
huffpost.com,30
independent.co.uk,29
cnbc.com,27
salon.com,20
notesfrompoland.com,18
wired.com,17
hotair.com,17
dailymail.co.uk,16
conservativeroof.com,16
nationalreview.com,16
edition.cnn.com,15
leftcom.org,15
currentaffairs.org,15
ctvnews.ca,14
motherjones.com,14
yahoo.com,14
vox.com,13
polskieradio.pl,13
blackrosefed.org,12
propublica.org,12
dw.com,12
commondreams.org,12
instagram.com,12
thetimes.com,11
congress.gov,11
peoplesdispatch.org,11
fortune.com,11
latintimes.com,11
news.sky.com,10
time.com,10
open.substack.com,10
i.imgur.com,10
thefederalist.com,9
freedomnews.org.uk,9
freebeacon.com,9
justthenews.com,9
jacobin.com,9
whitehouse.gov,9
pbs.org,9
self.Republican,9
dailykos.com,9
thenation.com,9
amp.cnn.com,9
msn.com,9
redgifs.com,8
theverge.com,8
theanarchistlibrary.org,8
theglobeandmail.com,8
globalnews.ca,8
businessinsider.com,8
archive.is,8
rollingstone.com,8
slate.com,7
foreignaffairs.com,7
reason.com,7
techdirt.com,7
military.com,7
realclearpolitics.com,7
people.com,7
latimes.com,7
newsbusters.org,7
washingtonexaminer.com,7
dailycaller.com,7
persuasion.community,7
forbes.com,7
voanews.com,7
americanprogress.org,7
bbc.co.uk,7
arstechnica.com,6
english.kyodonews.net,6
nationalpost.com,6
thestar.com,6
lawandcrime.com,6
404media.co,6
theconversation.com,6
statnews.com,6
thebulwark.com,6
talkingpointsmemo.com,6
wapo.st,6
rawstory.com,6
texastribune.org,6
theintercept.com,6
google.com,6
medium.com,6
aol.com,6
doge.gov,6
thedailyrenter.com,6
unherd.com,6
frontpagemag.com,6
theblaze.com,5
tiktok.com,5
en.wikipedia.org,5
cbpp.org,5
libcom.org,5
federalnewsnetwork.com,5
aljazeera.com,5
tempestmag.org,5
washingtontimes.com,5
esstnews.com,5
newyorker.com,5
counterpunch.org,5
telegraph.co.uk,5
projects.propublica.org,5
news.bloomberglaw.com,5
blackallianceforpeace.com,5
rumble.com,5
the-independent.com,5
substack.com,5
euronews.com,5
timesofisrael.com,4
newsmax.com,4
brookings.edu,4
streamable.com,4
democracydocket.com,4
znetwork.org,4
forward.com,4
emdefesadocomunismo.com.br,4
nbcnewyork.com,4
jonathanturley.org,4
thetab.com,4
themarysue.com,4
gothamist.com,4
imgur.com,4
carnegieendowment.org,4
wusa9.com,4
c-span.org,4
gizmodo.com,4
nature.com,4
m.youtube.com,4
bsky.app,4
anarchistnews.org,4
jfeed.com,4
prospect.org,3
labornotes.org,3
hungarianconservative.com,3
comptroller.nyc.gov,3
torontosun.com,3
19thnews.org,3
engelsbergideas.com,3
peoplesworld.org,3
foxbusiness.com,3
sfchronicle.com,3
nymag.com,3
thewrap.com,3
livemint.com,3
mintpressnews.com,3
warontherocks.com,3
ground.news,3
mediaite.com,3
jsonline.com,3
truthsocial.com,3
ibtimes.com,3
gazette.com,3
ktla.com,3
harpers.org,3
democrats-appropriations.house.gov,3
courthousenews.com,3
techcrunch.com,3
archive.ph,3
snopes.com,3
semafor.com,3
wyofile.com,3
upi.com,3
apple.news,3
genesiustimes.com,3
govexec.com,3
democracynow.org,3
lgbtqnation.com,3
podcasts.apple.com,3
lawfaremedia.org,3
mrcfreespeechamerica.org,3
scmp.com,3
en.m.wikipedia.org,3
amgreatness.com,3
usnews.com,3
vanityfair.com,3
niskanencenter.org,3
working-mass.com,3
france24.com,3
westernjournal.com,3
miaminewtimes.com,3
liveaction.org,3
popular.info,2
hilltimes.com,2
iowacapitaldispatch.com,2
spectator.org,2
on.ft.com,2
ogles.house.gov,2
calmatters.org,2
syracuse.com,2
imgflip.com,2
finance.yahoo.com,2
abovethelaw.com,2
newstimes.com,2
ny1.com,2
blog.pmpress.org,2
siliconcontinent.com,2
blog.meatmutts.com,2
inc.com,2
stripes.com,2
zinnedproject.org,2
leftvoice.org,2
workers.org,2
ajc.com,2
yesmagazine.org,2
lrt.lt,2
systemicdisorder.wordpress.com,2
qz.com,2
tomklingenstein.com,2
libertarian-labyrinth.org,2
sub.media,2
scientificamerican.com,2
swissinfo.ch,2
weblo.info,2
advocate.com,2
city-journal.org,2
komonews.com,2
coloradosun.com,2
hollywoodreporter.com,2
news18.com,2
trackingproject2025.com,2
cato.org,2
foreignpolicy.com,2
law.cornell.edu,2
issuesinsights.com,2
threadreaderapp.com,2
heatmap.news,2
noahpinion.blog,2
me.com,2
southfloridareporter.com,2
forms.gle,2
americanthinker.com,2
lailluminator.com,2
thetricontinental.org,2
ecancer.org,2
spiked-online.com,2
oann.com,2
silive.com,2
ted.com,2
al.com,2
thecity.nyc,2
psypost.org,2
obamawhitehouse.archives.gov,2
astralcodexten.com,2
mtlcounterinfo.org,2
americanbar.org,2
sltrib.com,2
thepinknews.com,2
delawareonline.com,2
csis.org,2
hindustantimes.com,2
deadline.com,2
thecollegefix.com,2
factcheck.org,2
ndtv.com,2
democrats.senate.gov,2
slowboring.com,2
thenerdreich.com,2
anti-imperialist.net,2
defense.gov,2
rairfoundation.com,2
post-gazette.com,2
electrek.co,2
self.democrats,2
chron.com,2
l.smartnews.com,2
docs.google.com,2
electiontruthalliance.org,2
postandcourier.com,2
dailyboulder.com,2
thefp.com,2
financialpost.com,2
sciencedirect.com,2
livenowfox.com,2
driveteslacanada.ca,2
m.economictimes.com,2
vogue.com,2
futurism.com,2
notus.org,2
taskandpurpose.com,2
verity.news,2
abcf.net,2
asahi.com,2
state.gov,2
english.hani.co.kr,2
about.usps.com,2
thebureau.news,2
crimethinc.com,2
science.org,2
carscoops.com,2
trains.com,2
pewresearch.org,2
hoover.org,2
govtrack.live,2
thespectator.com,2
trendingpoliticsnews.com,2
mobilize.us,2
abc7ny.com,2
whyy.org,1
en.m.wiktionary.org,1
insidestory.org.au,1
muse.jhu.edu,1
metro.co.uk,1
tribunemag.co.uk,1
icirnigeria.org,1
them.us,1
miro.medium.com,1
jakartaglobe.id,1
infinitescroll.us,1
nationalobserver.com,1
sourcenm.com,1
parkingreform.org,1
scholars-stage.org,1
news.gallup.com,1
focustaiwan.tw,1
floridaphoenix.com,1
cogitations.co,1
newleftreview.org,1
nomenugget.com,1
railjournal.com,1
chosun.com,1
newarab.com,1
shugerblogcom.wordpress.com,1
financialexpress.com,1
snhr.org,1
doi.org,1
cyberintel.substack.com,1
imightbewrong.org,1
ap.org,1
nationalnewswatch.com,1
findingequilibriumfuturehighered.substack.com,1
laist.com,1
davidcoletto.substack.com,1
shop.hololivepro.com,1
frontiersin.org,1
ktvb.com,1
courier-journal.com,1
thewalrus.ca,1
al24news.com,1
kpopconspiracies.quora.com,1
hs.fi,1
bringcostsdown.org,1
grist.org,1
inews.co.uk,1
whanchoi.people.uic.edu,1
maximum-progress.com,1
newstatesman.com,1
cosmonautmag.com,1
cambridgeday.com,1
stern.de,1
ec.europa.eu,1
theleftberlin.com,1
lbpost.com,1
standupforscience2025.org,1
kiplinger.com,1
lrb.co.uk,1
thedispatch.com,1
landtagswahlen.li,1
thediplomat.com,1
liberalcurrents.com,1
unhcr.org,1
globalsouthcolloquy.com,1
news.cgtn.com,1
thetravel.com,1
umnews.org,1
paul.senate.gov,1
bridgewater.com,1
indiatoday.in,1
syriacpatriarchate.org,1
dispatch.com,1
news.vocofm.com,1
spiegel.de,1
heraldscotland.com,1
culturadealgibeira.com,1
m.koreaherald.com,1
brasildefatorj.com.br,1
en.granma.cu,1
rfi.fr,1
civilbeat.org,1
thebulletin.org,1
betterdwelling.com,1
outdoorlife.com,1
marketplace.org,1
dei.gov,1
futurehistories-international.com,1
ijr.com,1
cdc.gov,1
acus.gov,1
texasmonthly.com,1
guampdn.com,1
ohiocapitaljournal.com,1
stltoday.com,1
wwno.org,1
amp.scmp.com,1
jewishinsider.com,1
chalkbeat.org,1
inthesetimes.com,1
dsausa.org,1
indianexpress.com,1
news.usni.org,1
mercurynews.com,1
thelefthook.substack.com,1
mltoday.com,1
teenvogue.com,1
directory.libsyn.com,1
fox5ny.com,1
nationalinterest.org,1
marxist.com,1
utahnewsdispatch.com,1
woodtv.com,1
idahostatesman.com,1
ffrf.org,1
gov.ca.gov,1
meduza.io,1
opb.org,1
fox59.com,1
missouriindependent.com,1
keloland.com,1
cleveland.com,1
epa.gov,1
nbcbayarea.com,1
menasolidaritynetwork.com,1
akpress.org,1
hammerandhope.org,1
removepaywall.com,1
i24news.tv,1
poynter.org,1
brasildefato.com.br,1
freealexstokes.com,1
disclose.tv,1
industrialworker.org,1
transcribingpast.blogspot.com,1
dropsitenews.com,1
struggle-la-lucha.org,1
marxandphilosophy.org.uk,1
ahmedelhennawy.substack.com,1
idcommunism.com,1
open.spotify.com,1
ourhistory.substack.com,1
hamn.nu,1
popularresistance.org,1
inequality.org,1
oklegislature.gov,1
abc.net.au,1
crfb.org,1
sfgate.com,1
therednation.org,1
wcpo.com,1
pasquines.us,1
socialistchina.org,1
prolespod.libsyn.com,1
ember-red.com,1
redantcollective.org,1
leftistfeminista.tumblr.com,1
restofworld.org,1
tribuneindia.com,1
unexaminedglitch.com,1
angryworkers.org,1
revsoc21.uk,1
self.politics,1
partisanmagazine.org,1
wtkr.com,1
thehindu.com,1
disconnect.blog,1
pravda.com.ua,1
thelogic.co,1
archive.today,1
asteriskmag.com,1
ewn.co.za,1
today.yougov.com,1
japantimes.co.jp,1
house.mo.gov,1
jakewinkle.blogspot.com,1
heritage.org,1
northjersey.com,1
bostonglobe.com,1
alabamareflector.com,1
politifact.com,1
redflag.org.au,1
edconway.substack.com,1
19fortyfive.com,1
wbznewsradio.iheart.com,1
goldenstatements.substack.com,1
amny.com,1
pv-magazine-usa.com,1
denverpost.com,1
brennancenter.org,1
barrons.com,1
onlinelibrary.wiley.com,1
tracingwoodgrains.com,1
boundless.com,1
justice.gov,1
sfstandard.com,1
statuskuo.substack.com,1
sooleader.com,1
kyivindependent.com,1
middleeastmonitor.com,1
kaine.senate.gov,1
ca.finance.yahoo.com,1
news10.com,1
sierraclub.org,1
chicago.suntimes.com,1
nebraska.tv,1
ksla.com,1
kansasreflector.com,1
helenair.com,1
aclu.org,1
blog.ucsusa.org,1
insidehighered.com,1
covertactionmagazine.com,1
wsbtv.com,1
thegrayzone.com,1
fetterman.senate.gov,1
nysun.com,1
m.independent.ie,1
irishtimes.com,1
inquirer.com,1
radiohc.cu,1
fastcompany.com,1
azag.gov,1
documents.un.org,1
facebook.com,1
thenextrecession.wordpress.com,1
yo252yo.wordpress.com,1
wlwt.com,1
esquire.com,1
whowhatwhy.org,1
tcpalm.com,1
chicagotribune.com,1
seattletimes.com,1
content.blubrry.com,1
13abc.com,1
11alive.com,1
kdvr.com,1
wmar2news.com,1
newsobserver.com,1
dailyinterlake.com,1
kentuckylantern.com,1
rebelnews.ie,1
abc7.com,1
wavellroom.com,1
welcomestack.org,1
inforum.com,1
theepochtimes.com,1
thesun.co.uk,1
san.com,1
mirror.co.uk,1
thelondoneconomic.com,1
creators.com,1
milwaukeeindependent.com,1
rebelnews.com,1
coloradonewsline.com,1
designnews.com,1
acecomments.mu.nu,1
dailyfetched.com,1
forexlive.com,1
9news.com.au,1
newmarkettoday.ca,1
durhamregion.com,1
thesuburban.com,1
harbingersdaily.com,1
wcnc.com,1
wtap.com,1
powerlineblog.com,1
thenewamerican.com,1
doge-tracker.com,1
victorhanson.com,1
fox19.com,1
al-monitor.com,1
tribune.com.pk,1
lifezette.com,1
investing.com,1
racket.news,1
news.com.au,1
nsnews.com,1
2news.com,1
buildremote.co,1
economictimes.indiatimes.com,1
christianpost.com,1
realclearinvestigations.com,1
climatedepot.com,1
wset.com,1
jpost.com,1
u24.gov.ua,1
opentodebate.org,1
il.usembassy.gov,1
insideprivacy.com,1
emptywheel.net,1
unilad.com,1
philosophersbeard.org,1
planetcritical.com,1
cookpolitical.com,1
kafeneio.social,1
search.app,1
cardinalnews.org,1
oregonlive.com,1
8newsnow.com,1
drempd.com,1
wcvb.com,1
staradvertiser.com,1
doctorswithoutborders.org,1
cesarcardona.com,1
standard.co.uk,1
imdb.com,1
meforum.org,1
quillette.com,1
fox28spokane.com,1
wbls.com,1
tabletmag.com,1
americanwirenews.com,1
timesofindia.indiatimes.com,1
projects.fivethirtyeight.com,1
fiercehealthcare.com,1
buddycarter.house.gov,1
fec.gov,1
therecord.media,1
statista.com,1
koin.com,1
nixthenoms.com,1
sbs.com.au,1
aztecreports.com,1
fema.gov,1
psychologytoday.com,1
shado-mag.com,1
anfenglishmobile.com,1
adespotos.org,1
song.link,1
itsgoingdown.org,1
abolitionmedia.noblogs.org,1
kenklippenstein.com,1
solidarityzone.net,1
amplifierfilms.ca,1
themoscowtimes.com,1
politicalwire.com,1
muntjacmag.noblogs.org,1
sproutdistro.com,1
independentleft.ie,1
siliconvalley.com,1
pastebin.com,1
newsnow.co.uk,1
uprisingsupport.org,1
spectator.co.uk,1
athens.indymedia.org,1
neighborhoodanarchists.org,1
jps.library.utoronto.ca,1
diyconspiracy.net,1
antidotezine.com,1
deafleft.com,1
whitesupremacyculture.info,1
afsc.org,1
static1.squarespace.com,1
bureburebure.info,1
incogkneegrowth.substack.com,1
50501movement.carrd.co,1
pinkpeacock.gay,1
taratw.com,1
spencersunshine.com,1
flintcitytimes.com,1
tampabay.com,1
tvtropes.org,1
vimeo.com,1
bianet.org,1
lifenews.com,1
news.antiwar.com,1
globalbenefit.co.uk,1
marquette.edu,1
taxpolicycenter.org,1
ecfa.org,1
deepnewz.com,1
pubmed.ncbi.nlm.nih.gov,1
dallasexpress.com,1
labrujulaverde.com,1
johnkassnews.com,1
mustreadalaska.com,1
thecentersquare.com,1
outkick.com,1
commentary.org,1
nordictimes.com,1
newsnationnow.com,1
afn.net,1
steynonline.com,1
cia.gov,1
drive.proton.me,1
isr.press,1
convergencemag.com,1
usa.anarchistlibraries.net,1
write.as,1
petapixel.com,1
ukdefencejournal.org.uk,1
academia.edu,1
classy.org,1
angryeducationworkers.com,1
thecradle.co,1
maia.crimew.gay,1
debatemebro.substack.com,1
distro.f-91w.club,1
jhunewsletter.com,1
actupny.org,1
2paragraphs.com,1
wegotthiscovered.com,1
m.jpost.com,1
riag.ri.gov,1
wfyi.org,1
rightforbucks.com,1
threads.net,1
wbur.org,1
alternet.org,1
wral.com,1
itep.org,1
mcsweeneys.net,1
benzinga.com,1
energy.senate.gov,1
raskin.house.gov,1
delauro.house.gov,1
nola.com,1
runforsomething.net,1
nsf-gov-resources.nsf.gov,1
freep.com,1
rosen.senate.gov,1
techpolicy.press,1
airtable.com,1
msmagazine.com,1
denvergazette.com,1
columbiamissourian.com,1
heinrich.senate.gov,1
robertreich.substack.com,1
bluevirginia.us,1
jayapal.house.gov,1
systemicpeace.org,1
theeducatorsroom.com,1
offmessage.net,1
detroitnews.com,1
uschamber.com,1
markey.senate.gov,1
scholarships.com,1
ballotpedia.org,1
hamzakhan.me,1
baltimoresun.com,1
obrag.org,1
democrats.org,1
linkedin.com,1
en.yna.co.kr,1
northpennnow.com,1
democratsabroad.org,1
fox17.com,1
ctnewsjunkie.com,1
electionbettingodds.com,1
indepthnh.org,1
weforum.org,1
josephheath.substack.com,1
farmpolicynews.illinois.edu,1
peoplespolicyproject.org,1
thebaltimorebanner.com,1
thenewatlantis.com,1
brusselstimes.com,1
aei.org,1
agweb.com,1
ifw-kiel.de,1
atlanticcouncil.org,1
amp.star-telegram.com,1
theodoreira.substack.com,1
ed.gov,1
gbnews.com,1
nij.ojp.gov,1
faa.gov,1
newsbreak.com,1
crooksandliars.com,1
25and.me,1
tspb.texas.gov,1
themercury.com,1
news.va.gov,1
desmoinesregister.com,1
berlingske.dk,1
dailymontanan.com,1
wnycstudios.org,1
kob.com,1
ctmirror.org,1
statedemocracydefenders.org,1
ossoff.senate.gov,1
environmental-action.org,1
republican.com,1
openicpsr.org,1
health.state.mn.us,1
strawpoll.com,1
bizfeed.site,1
cmsny.org,1
senate.gov,1
ice.gov,1
legiscan.com,1
temporary-url.com,1
twitter.com,1
wh.gov,1
tesla.com,1
fincen.gov,1
thecut.com,1
fal-api-audio-uploads.s3.amazonaws.com,1
evolutionsociety.org,1
grants.nih.gov,1
reviewjournal.com,1
buzzfeed.com,1
heraldtribune.com,1
thenevadaindependent.com,1
news.northeastern.edu,1
leftfootforward.org,1
okmagazine.com,1
the-express.com,1
texasattorneygeneral.gov,1
democracy-dispatch.ghost.io,1
mediamatters.org,1
theamericanconservative.com,1
lonestarleft.com,1
johnpavlovitz.com,1
georgiarecorder.com,1
self.KamalaHarris,1
dallasnews.com,1
revolt.tv,1
voteclimatepac.org,1
patch.com,1
priceschool.usc.edu,1
foundationforfreedomonline.com,1
patriotpost.us,1
weheartcleelumroslyn.com,1
redcross.com,1
stopthewoke.com,1
heathercoxrichardson.substack.com,1
michiganross.umich.edu,1
m.facebook.com,1
senate.mo.gov,1
biblegateway.com,1
canada.com,1
laborrelationsupdate.com,1
straitstimes.com,1
pcmag.com,1
usufructcollective.wordpress.com,1
eurasiantimes.com,1
civileats.com,1
baldwin.senate.gov,1
kcra.com,1
fxtwitter.com,1
wonkette.com,1
fox5atlanta.com,1
usa.gov,1
northwestseafood.com,1
channel8.com,1
variety.com,1
za.usembassy.gov,1
credello.com,1
stalbertgazette.com,1
kget.com,1
globaldisconnect.substack.com,1
gov.com,1
merriam-webster.com,1
citizenportal.ai,1
fox5dc.com,1
scag.gov,1
eko.substack.com,1
on.soundcloud.com,1
