Keyword,Count
readingbook,15
club,19
tuesday,16
reading,45
watching,24
wtf,3
social,47
ecology,3
usufruct,1
collective,6
anarchonihilist,1
think,112
powerfulpopular,1
anarchnihilist,1
ever,68
paying,3
student,11
loans,2
taxes,10
well,22
debate,9
content,9
looking,49
folks,7
possible,11
dont,142
want,87
fucking,12
war,89
german,32
anarchism,42
know,117
like,221
links,3
counter,5
protest,40
terfs,1
brisbane,1
qld,1
presidents,32
day,185
rather,3
celebrating,3
george,6
aid,54
mutual,28
monday,20
project,31
youd,16
punk,5
example,6
anarchist,90
approaches,1
education,30
defeatism,1
stalinist,1
arguments,3
anarchists,24
teethdo,1
collectives,3
freedom,16
get,93
find,44
protests,33
involved,6
going,61
nationalism,4
banal,1
state,81
nation,8
term,17
groups,30
partisan,1
general,33
next,25
years,44
manual,3
sample,1
sabotage,6
field,4
strategic,2
struggle,12
covid,9
need,83
palestinian,7
liberation,17
build,15
port,2
ships,2
hear,11
pool,3
would,163
alternative,5
history,39
new,198
rojava,5
focus,4
got,46
copy,4
looks,14
marxism,7
communism,6
anarchocommunism,1
socialism,30
light,8
trumps,290
recent,14
tweet,2
nazis,6
black,27
community,41
communities,15
white,71
1922,2
hong,2
kong,1
strike,22
trump,1142
power,50
fight,53
foolish,1
keep,33
reddit,46
done,8
media,60
individual,2
free,54
principle,1
equality,3
moralists,1
relationships,1
back,81
grind,1
podcast,21
really,56
korean,8
video,62
korea,10
organizing,21
realities,1
life,25
enact,1
inequality,3
group,32
version,6
internationale,1
ive,66
radical,56
gender,26
people,295
non,15
conforming,15
hell,12
made,44
solidarity,15
lincoln,2
heights,4
resources,10
neighborhood,3
nationwide,4
case,29
valentines,9
say,43
barricades,1
races,2
kind,16
self,6
communes,1
theres,21
revolutionary,15
revolution,29
must,34
junta,1
work,45
feel,39
hope,36
one,109
understand,13
wendigocene,1
story,12
hunger,1
lucy,1
parsons,1
unique,1
figure,6
stats,1
teacher,6
let,25
decorate,1
cookies,1
feckless,1
opposition,8
etniko,1
bandido,1
decolonization,2
land,6
regeneration,1
beyond,7
guilt,1
amp,46
privilege,3
abolishing,1
friday,20
talk,34
weekly,30
open,34
depose,1
musk,176
cage,1
bootlickers,1
politicians,5
wont,22
aragorn,1
provocation,1
even,51
death,16
sure,20
deleted,4
fellow,2
whats,40
best,32
arguement,1
ahve,1
important,14
tell,19
unsexy,1
change,34
errico,5
malatesta,7
quote,5
faculty,2
research,14
expert,4
leon,2
update,9
mad,10
pride,2
clarifying,2
especifismo,2
response,25
dsalscs,2
students,12
walk,3
los,13
angeles,8
report,34
bipoc,14
thursday,14
color,18
mud,3
wizard,2
judged,1
speak,5
isnt,31
decent,2
tesla,18
saturday,8
showrooms,2
join,40
action,21
words,11
pages,3
prosecutor,10
world,44
building,8
estudiar,1
que,2
gustaria,1
trabajo,1
organize,9
economy,24
quick,3
recap,2
women,36
wednesday,17
discussion,47
wow,4
aged,1
uranium,1
eight,2
things,38
stop,55
ice,42
brooklyn,1
navy,3
yard,1
evict,1
truth,19
way,44
big,38
left,55
seeking,9
spokane,1
area,7
living,12
city,34
time,92
system,31
thinking,3
italy,2
quotes,2
radest,1
design,2
assessment,2
thirty,1
movement,27
analysis,10
government,111
friend,13
webinar,1
announcement,1
legacy,2
interview,15
renewed,1
call,41
farsi,1
speakerreader,1
could,104
put,16
μεμβεr,1
nazist,1
organization,12
golden,6
dawn,3
news,57
germany,18
resisting,3
far,26
αντιauhoritarian,1
rouvikonas,1
greece,6
entered,2
revolting,2
three,9
connotations,1
threatening,4
times,11
begun,5
demonstrating,1
outlets,2
advice,9
supremacy,2
culture,11
cyberpunk,1
identity,6
politics,27
see,42
credit,7
colorado,6
anyone,58
recommendations,15
meetingsbookclubsdirect,1
share,19
skills,3
chips,3
feeling,16
soft,1
anprim,1
texas,26
capitol,5
fascism,21
political,53
use,17
running,13
increasingly,2
classic,3
crimethinc,3
antipolice,1
poster,2
alongside,1
class,29
cis,1
matters,1
american,72
potential,7
degree,3
horticulture,1
something,40
good,71
never,34
luigi,13
fundraiser,2
found,19
using,17
money,44
learned,7
guys,27
baltimore,2
tired,10
hello,11
shit,10
privacy,3
information,14
else,17
actually,25
love,36
writings,3
south,30
coup,18
attempt,5
boycott,8
bother,1
everyone,36
hey,18
friends,17
great,27
thing,21
ebt,1
mentioned,1
favorite,22
anti,6
fascist,9
hip,1
hop,1
durruti,2
shadow,4
variant,1
cover,9
network,4
conspiracy,10
finger,2
asshole,1
reportback,1
night,11
demo,1
mcgill,1
february,22
defeat,3
snake,2
deia,1
side,8
makes,20
word,8
dei,36
exmuslim,1
intersection,1
exmuslims,1
persecution,1
create,7
popular,8
malaysia,2
weve,13
prepared,6
zine,11
text,6
book,27
recs,4
right,82
anything,16
boards,3
gofundme,1
peter,4
kropotkin,4
etsy,1
shop,1
offer,11
item,1
insight,2
usa,15
feb,12
5th,6
thispretty,1
might,20
followup,1
comrades,10
post,40
fate,2
fascists,5
hanging,1
mussolinis,1
corpse,1
starbucks,2
everything,25
wrong,24
capitalism,35
thoughts,25
hassan,1
piker,1
bread,8
roses,2
teach,3
democrats,201
happening,9
arent,17
delete,1
émigrés,1
struck,2
remembering,2
ask,6
poor,5
mans,2
atlanta,2
week,34
meet,23
anarchistnewsorg,1
3rd,2
conference,9
anarchosyndicalists,1
conquest,1
summarization,1
breakdown,1
concepts,3
books,32
leftist,21
ideologies,3
mean,12
forgotten,4
retold,1
taking,16
channel,4
brilliant,2
follow,6
leader,18
homeless,1
checked,2
raids,6
fnb,1
food,22
member,11
however,1
dsa,2
propaganda,16
platforms,4
migration,3
idk,3
said,38
comes,9
president,128
takeover,5
seem,5
pay,11
consequences,4
heard,16
confused,1
police,33
print,6
already,27
security,43
accounts,2
proof,2
aras,1
attacking,1
protesting,6
safely,1
downtrodden,1
metropolis,1
poem,4
capitalist,10
rules,13
letter,10
capitalized,1
salting,1
begin,5
high,19
school,31
knowing,2
read,25
toki,1
pona,1
aaron,1
lillyanarkitty,1
complicated,1
bushnell,1
places,5
today,43
similar,4
former,25
become,15
many,44
ready,10
herd,1
cops,4
oppressions,1
public,37
pdf,1
predatory,1
cities,10
bernadette,1
america,78
1983,1
documentary,9
link,5
extinguish,1
tear,3
gas,12
canisters,1
howto,1
stings,1
searches,2
weigh,1
stations,1
lets,16
posters,2
coworker,2
rights,33
workplace,4
likely,9
months,11
mortgage,2
month,6
dynamite,1
hill,3
ishigaki,1
wind,4
風に抗う,1
islands,4
40s,1
finding,6
later,2
please,44
saying,11
mass,25
ways,13
orgs,1
companies,11
outside,9
monkeywrench,1
planned,11
r50501,1
gon,4
assembly,4
afm,1
pink,1
peacock,1
queer,3
yiddish,1
donald,88
two,33
tax,33
season,4
fishy,2
regarding,4
push,19
undermine,1
antitrump,8
alexander,2
berkman,1
picture,4
means,11
literature,4
guide,10
packing,1
massive,11
deportations,6
forms,3
engaged,2
withdrawal,3
issue,6
razorcake,1
2525,1
guides,1
activist,6
cowardly,2
leave,11
control,27
small,15
realizations,1
sudan,6
gathering,2
cntait,1
france,8
911,1
financial,7
wondering,9
nicola,1
sacco,1
bartolomeo,1
vanzetti,1
within,10
working,31
systems,3
accidental,1
anarchy,7
wikipedia,7
countries,14
also,22
help,53
software,1
programmer,2
support,41
dry,1
party,87
communist,20
north,14
ralliesprotests,1
yall,14
comforting,1
connect,2
wlikeminded,1
peoplecommunity,1
relation,1
todays,5
attacked,3
little,19
brother,4
asked,10
grab,5
purposes,1
wild,4
grown,3
youre,21
arguing,3
collapse,6
mom,6
dream,8
real,38
platformism,1
maknos,1
relevant,8
pbs,6
crashcourse,1
declassified,1
cia,10
making,22
boycotted,1
steal,4
unilever,1
carrefour,1
libertarianism,1
hamburgers,1
burrowed,1
meme,11
another,29
uhhh,1
shouldnt,3
marching,1
fighting,8
tend,2
lot,12
lorenzo,1
komboa,1
seeing,6
posts,10
believe,33
sovereign,3
citizens,13
genuinely,5
billionaires,7
fanboys,1
punks,1
together,6
subreddit,12
dissertation,1
zoe,2
baker,2
mentally,2
spiraling,1
rulebreaking,1
growth,6
understanding,5
hypersanity,1
2325,1
spread,10
care,16
policies,17
repose,1
violence,15
bop,1
httpswwwnbcnewscomnewsamprcna190157,1
cost,8
getting,33
expensive,4
dollar,3
laundry,1
upcoming,3
ama,1
tenant,2
organizer,4
1312025,1
visited,1
ludlow,2
massacre,5
memorial,1
welfare,4
society,12
collect,2
records,11
rare,11
citizen,4
planning,7
organisation,2
abolish,4
presidential,14
pardon,6
ambedkarite,1
aspects,2
censorship,7
authoritarian,3
criticism,5
take,67
search,4
sensitive,2
topics,1
anonymously,1
addielamarrsh,1
denials,1
defenses,2
depositions,1
gazi,1
charges,13
dismissed,7
kodzo,1
oppressors,1
language,2
yet,10
obvious,2
smoking,2
technology,6
encourage,3
others,6
discourage,1
concentration,4
camps,2
hitler,8
camp,5
candle,3
despair,5
promises,5
thinkers,1
modern,9
bob,1
avakian,1
ones,7
give,21
proton,2
deeper,1
sub,20
dying,2
remember,15
6th,4
evosmos,1
undercover,1
vehicles,3
photos,1
antiauthoritarian,2
protestors,3
took,4
revenge,3
versus,1
advertising,3
useful,3
saw,11
nazi,21
rise,11
safer,1
front,9
mail,1
says,153
politically,1
neutral,1
phone,10
turn,17
metadata,1
linkedin,3
days,20
emotional,2
intelligence,8
tips,8
rudolf,1
rockers,1
epub,1
thirteen,2
ago,10
todayduring,1
demonstration,3
setting,2
yes,11
posted,9
multiple,3
subs,3
management,3
cousin,1
wants,48
look,16
jessie,1
pop,1
missoula,1
anybody,10
interested,7
meeting,17
beaten,2
defeated,3
rwitchesvsthepatriarchy,2
helpful,2
forces,6
thessaloniki,2
simple,10
genocide,8
machine,7
cogs,2
por,1
rejecting,3
doomerism,4
optimism,2
immigrants,15
seventh,3
fixed,3
electoral,4
networks,3
methods,1
reaching,2
almost,8
wing,7
always,20
make,65
difference,3
knowledge,3
educators,1
palestine,8
nea,1
teachin,1
noticed,2
surge,8
hes,26
views,9
ethnonationalist,1
prep,2
4chan,1
terms,4
used,15
interchangeably,1
sorry,7
australia,5
noam,1
chomsky,1
global,16
discontents,1
sunday,3
first,57
peru,2
around,15
bluesky,3
without,17
wizzard,1
absolutely,6
statement,12
google,30
earth,5
updating,1
images,2
election,58
chinese,10
fraud,6
rightwing,5
essay,6
sidebar,1
old,21
defensebeing,1
physically,3
fit,6
defendants,1
prisoners,2
mutualist,1
projects,9
cooperatives,1
every,33
future,23
practical,2
catch,2
dissociating,1
panic,7
targeted,4
engesp,1
flyer,1
quite,3
centric,1
belongs,2
unable,3
house,117
graphic,1
losing,6
trend,2
thought,18
inflation,19
denydefenddepose,1
currency,3
stimulator,1
blesses,1
stuff,8
much,27
resistance,20
doesnt,18
deiatruthopmgov,1
email,6
anarchoindianism,1
gaya,1
makaran,1
may,29
gigafactory,1
seen,18
image,3
elon,186
contemporary,1
check,10
essayspoetryliteratures,1
ideas,10
leverage,1
dmv,1
private,7
vault,1
obsidian,1
linux,2
list,30
military,30
revolutions,1
step,8
click,1
lock,6
lopez,1
border,45
lopezs,1
data,19
incredible,4
autonomus,1
reporter,13
aboutthe,1
local,22
reporting,3
hoas,1
question,22
trying,27
sightings,1
rlamigra,1
states,55
series,5
movements,7
rattling,1
famous,1
anthens,1
compliance,1
techniques,1
employees,25
supporters,7
yoon,2
court,50
inside,16
democracy,27
majority,11
less,8
armed,4
queers,1
bash,1
market,11
journalists,5
mangione,9
ernestina,1
cravello,1
young,14
mentor,1
live,28
based,2
ideology,7
activity,2
vegas,2
california,28
rapid,5
instagram,10
pretty,10
beilieve,1
bigger,4
spray,1
concenring,1
constitution,6
taken,3
whitehousegov,1
httpswwwwhitehousegovaboutthewhitehouseourgovernmenttheconstitution,1
hypernormalisationdocumentary,1
studies,2
higher,6
idea,21
seems,21
merely,1
purpose,1
unemployment,3
michael,5
parenti,1
lived,1
countless,1
cycles,1
j20,1
2016,3
wasnt,6
personal,11
reason,10
frustrating,2
biden,97
commutes,2
sentence,2
leonard,5
peltier,3
joe,23
bidens,19
failure,3
hypocrisy,7
second,12
deal,28
worldwide,3
home,15
coming,17
anarchisim,1
true,11
proudhon,1
21st,2
century,3
primal,1
father,3
sons,1
answer,7
mod,2
removal,1
elections,14
internet,12
devices,1
tech,9
hasnt,2
expand,4
offending,1
article,22
army,26
flag,9
outdoor,2
vive,1
lanarchie,1
httpswwwmarxistsorgreferencearchiveravachollaravacholehtmhttpswwwmarxistsorgreferencearchiveravachollaravacholehtm,1
abolition,1
badmouse,1
kronstadt,2
rebellion,2
guns,5
arm,3
moon,2
walker,1
monopoly,1
official,28
constellation,1
2025,42
presents,1
yanis,2
varoufakis,2
meets,7
david,5
wengrow,1
inauguration,6
angst,1
anyones,3
writeup,1
license,2
mit,1
consider,8
nowadays,2
genuine,1
erik,1
someone,22
petersen,1
adjuster,1
prisoner,3
wisconsin,7
accessible,2
plans,21
large,3
immigration,39
raid,4
bots,2
praxis,2
thomas,4
spence,1
1750,1
1814,1
english,1
face,18
socialists,9
attention,3
died,4
pak,1
spain,2
nonprofit,1
antisystem,1
created,2
sense,5
moment,13
perspective,3
realizes,2
retelling,1
prince,2
diplomacy,3
birth,7
europe,52
ezln,2
consolidation,1
oligarchy,4
israel,8
hamas,14
reach,5
ceasefire,10
started,11
guess,13
besides,1
latin,12
profile,1
obsessed,2
honor,3
learn,13
antipsychiatry,1
disordered,1
cuts,41
exploration,1
organizational,2
debates,1
skeleton,1
corps,1
arrest,5
processing,2
img,1
turkey,4
democratic,60
jan,19
2014,1
cece,1
mcdonald,1
released,7
maiores,1
bases,1
militares,1
mundo,1
fort,5
bodily,1
autonomy,2
mostly,3
socialize,1
gathered,1
yesterday,5
600,2
sacramento,1
socialist,51
anews,2
398,1
11025,1
fulltime,1
dedicate,1
worth,6
cages,1
gods,2
masters,1
nec,1
neither,1
asking,4
valid,2
dismantled,3
atlantic,2
known,4
voltaire,1
knew,2
kill,8
cat,16
economic,27
part,26
usmc,1
cbrne,1
opinions,5
max,1
mole,4
infiltrated,3
highest,6
ranks,5
writing,4
antigovernment,1
street,6
art,21
game,10
points,5
online,15
fund,6
mes,1
surveillance,3
initiative,3
central,6
exworker,3
sacrificial,3
retribution,3
costa,1
rica,1
values,6
hierarchy,1
empathy,2
approach,3
397,1
1325,1
hate,17
leftright,1
tool,2
wan,8
message,12
sahrawi,1
fediverse,1
though,4
photograph,3
ruins,2
pacific,1
palisades,1
needed,4
combat,5
climate,17
organizations,9
stance,1
apolitical,1
fun,9
wordplay,1
critique,3
calendar,6
cause,5
classroom,1
obviously,4
tried,6
desert,3
accountability,2
liberal,48
abolitionists,1
prison,9
internationalism,1
theory,6
weekend,6
events,7
place,15
unknown,3
19171921,1
volin,1
complete,5
actions,9
greek,3
healing,2
respect,3
processacab,1
operation,3
olive,2
branch,7
donate,7
international,9
1016,1
january,27
curious,7
plan,66
recently,9
happiness,4
rich,13
told,17
linked,3
metro,3
socal,1
studying,1
sociology,1
family,27
silver,5
run,20
ode,1
jasmine,5
americans,44
taught,2
fdr,1
hero,2
festivals,2
mobilize,1
dean,2
spades,1
highly,2
landlord,2
ceos,3
ceo,11
holidays,3
flags,9
year,29
blockchain,1
resource,1
striking,2
manifesto,2
grades,1
academic,3
integrity,1
least,15
historical,8
worker,8
hold,16
copyright,1
patent,1
preexisting,1
elgin,1
houseless,1
happy,21
structure,2
confronting,2
quotethe,1
hopeless,2
corporate,8
fred,3
hampton,3
activists,7
2024,17
frying,1
pan,2
firethe,1
freemarket,1
better,23
fms,2
encounters,1
individualism,1
libertarian,3
labyrinth,2
independence,7
fall,10
regime,7
denver,3
8pm,1
mutiny,1
speeches,1
request,6
liberatory,1
powerful,3
man,28
sympathizer,1
saboteurs,1
boaks,1
guerrilla,1
catalonia,1
episode,6
refuse,4
start,30
openly,4
renzo,1
novatore,1
1890,1
displacements,1
attacks,8
indigenous,4
stopped,3
traversing,1
continent,2
material,2
myth,3
catchup,1
development,2
olha,1
taratuta,1
18761938,1
ukrainian,7
gatherings,2
takes,16
hungary,3
lectures,1
available,2
prof,1
vimeo,1
representation,2
effective,4
lane,1
hedges,2
leafing,1
england,2
tort,1
average,3
superhero,1
beliefs,3
names,7
visualization,1
violent,4
sort,2
colombia,7
organizationgroups,1
bogotá,1
nypds,1
stuttgart,1
law,25
order,49
roman,1
wide,5
relationship,5
imperialism,9
sources,6
thoughtfully,1
antianarchist,1
1902,1
incomplete,1
roundup,1
responses,3
shooting,5
brian,2
powers,2
section,1
bashing,1
danish,2
maybe,9
introvert,1
trauma,1
wonderful,2
dad,6
jacket,1
christmas,21
noel,1
armand,1
19001935,1
barter,1
towns,2
still,44
form,3
zone,7
horizontal,1
supports,3
russian,27
dead,7
pretrial,1
letters,1
send,7
model,4
httpsthelessthannothingblogspotcom202402thewikipediacommunehtml,1
health,32
insurance,5
automating,1
panels,1
merry,11
crassmass,1
blame,5
plot,5
thickens,1
ongoing,4
fiction,2
complex,7
gears,1
band,5
transgender,21
owners,2
akin,1
zapatistas,1
masculinity,1
toxic,3
anarchocommunist,1
decide,1
supralocal,1
distribution,2
imagine,5
serbian,1
drunkin,1
explains,6
terrorists,7
hiatus,1
criminal,16
enemy,4
argentinazo,1
since,18
antineoliberal,1
questione,1
sociale,1
coverage,2
pregnant,1
kentucky,4
woman,15
cited,3
effect,8
penalty,1
magione,1
cameras,4
come,22
french,4
children,9
shame,2
parade,1
marxist,10
critiques,1
object,1
relations,5
selfhelp,1
flowers,2
emerge,2
interviews,4
connected,1
privately,3
piece,8
reflections,2
festival,1
bostonsalem,1
assad,3
aziz,1
pawns,1
described,1
person,9
study,6
memorabilia,1
merch,3
lecture,3
organized,5
brazilian,2
researcher,2
gotham,1
dark,9
knight,3
las,5
bookstores,1
show,16
protect,7
teenager,1
ecological,1
level,3
acid,1
nothing,10
sprout,1
participants,1
collaborating,1
veterans,5
damn,4
bellamy,1
men,18
killing,7
poverty,3
illusion,3
acab,1
includes,3
wrecker,1
drivers,2
fables,1
weapons,6
dealers,2
god,10
boss,2
husband,2
worlds,15
hoods,1
klan,1
antifascist,4
graffiti,1
district,9
moore,4
named,4
anticapitalist,2
distributors,1
whistleblower,4
san,8
bring,9
elites,3
theyre,23
panicking,2
dropping,3
alcoholics,1
alcoholic,1
thirteenth,1
twelfth,1
stickers,4
partner,3
notice,5
condemn,2
unless,2
wear,3
hoodie,1
giant,2
site,8
website,22
generate,1
thank,10
authoritarianism,6
multipolar,3
sweeps,2
vawa,1
experience,3
luigis,1
final,7
distribute,1
labor,8
philosophical,2
tropes,1
notes,2
unsure,2
allowed,5
wanted,12
imperialisms,1
waterproof,1
correct,6
kropotkins,1
mangiones,2
goodreads,1
locked,2
posting,100
zines,1
faraday,1
sim,1
card,6
library,4
heres,18
adam,4
curtis,1
puts,7
perfectly,1
syria,10
carry,2
hearts,1
sednaya,1
thousands,24
hats,1
called,7
trumpworlds,1
writer,2
sohr,1
turkish,3
drone,3
kills,4
unitedhealthcare,3
latest,15
suspect,3
dubious,2
fed,4
deluge,1
leads,3
structures,2
iraq,4
reveal,7
deliberate,2
lab,1
test,8
experts,5
liken,1
witch,2
videos,9
situation,3
bought,3
expecting,1
mishandled,1
heritage,3
youtube,4
covering,2
jimmy,41
doer,1
rfk,32
believed,1
dangerous,6
holocaust,2
germanys,14
harry,3
roberts,4
shepherds,1
tekoşîna,2
anarşîst,2
sots,1
deep,4
uhc,2
syrian,9
rebels,8
toppled,1
lessons,4
turned,8
proud,3
ended,4
selfgoverning,1
commons,2
surviving,1
apocalypse,2
cared,2
glue,1
adhesive,1
recommendation,3
putting,5
worse,7
cuba,6
mobile,1
ends,9
practice,4
defender,1
child,11
protocol,1
jury,2
nullification,3
murder,2
countercultures,1
families,6
toward,4
tshirt,1
company,5
maine,2
drinks,2
ads,2
short,9
greedy,1
plutocracy,1
advanced,2
billionaire,8
developments,2
tireless,1
georgia,6
firework,1
name,14
peaceful,3
peacefully,1
dems,38
repubs,1
crips,1
bloods,1
paralegal,1
romania,7
gelderloos,1
memory,1
civil,13
resumes,3
perspectives,1
recognition,1
clothes,1
trick,2
designed,1
entropy,2
ethical,2
often,6
societal,3
ignorance,2
starting,10
poetry,1
realm,1
banning,7
southern,5
pamphlets,1
distrubute,1
seattle,2
wto,1
25year,1
anniversary,4
long,29
optimistic,3
kids,9
contain,4
supporting,8
anarchistanarchistadjacent,1
streets,2
athens,2
pls,3
fault,3
domestic,5
nuclear,19
governments,4
deterrent,1
try,9
thanks,6
insurgent,1
survival,3
kurdish,1
antiterrorist,1
dealing,3
authorities,1
httpswwwinstagramcompdcmae3xplzxutm_sourceig_web_copy_linkampigshmzrlodbinwflza,1
proposal,2
meaningful,1
strategizing,1
effectiveness,1
edit,3
vulnerable,2
thanksgiving,3
mumia,1
abujamal,1
activism,7
japanese,2
sticker,2
added,2
selfdetermination,2
return,8
selfdefense,2
preferably,1
vision,1
vote,50
extreme,6
process,2
capsule,1
sites,2
town,7
demand,13
sharing,3
common,5
goose,2
analysing,1
farmers,14
digital,31
net,2
illness,2
nervous,1
achivments,1
108,1
strategies,1
counterculture,1
commodification,1
profits,2
weird,3
penpal,1
drunken,1
portrait,1
blair,1
rally,9
supreme,28
trans,13
arrested,9
deported,4
doubt,3
echo,1
chambers,1
reprinted,1
5000,1
weapon,1
coercion,2
domination,1
job,14
quit,6
wfh,2
rto,1
sign,18
course,9
anarcholeftism,1
stalker,1
hand,11
chronology,1
direct,5
disobedience,2
room,2
consensus,2
music,8
subversive,1
tor,1
solutions,2
issues,13
nonprofits,1
progressive,4
funding,31
simply,3
againstand,1
cant,46
last,27
syndicate,1
hoi4,1
expanison,1
mods,2
linguistic,1
anthropology,1
water,13
influence,5
107the,1
eye,4
aisle,2
nine,2
māori,2
maori,1
officer,2
stephen,10
miller,3
andrewism,1
leak,1
influenced,1
attack,15
riot,1
conservatives,22
flipping,1
throughout,1
towards,5
union,20
humble,1
bundle,1
ursula,2
guin,1
ethnic,2
cleansing,1
gaza,20
worsens,1
promote,1
starts,8
tragedy,3
description,1
teens,1
answers,1
saul,2
williams,2
inspires,1
listen,4
fedizine,1
introduction,1
federated,1
opposite,2
monarchism,1
tends,1
worked,2
exactly,6
cnt,1
skin,4
cod,1
anark,1
ultimate,2
beginners,1
lining,1
xtwitter,1
grant,2
farright,16
kansas,3
dispossessed,1
storm,4
midwest,1
coffeeshop,1
published,4
emissions,1
vehicle,2
exhaust,1
needs,17
ian,1
pamphlet,1
technique,1
flyers,1
recipe,1
submissions,2
authority,7
tools,3
hopes,2
lead,13
religious,4
johns,1
hopkins,1
warm,2
lines,2
chicago,10
alive,2
stay,3
submedia,1
watch,38
conservative,41
song,10
point,11
spectacular,1
forming,3
diy,1
libraryadvice,1
penguiun,1
establishment,1
agitprop,1
discuss,9
bullshit,3
buy,12
act,15
archive,3
preparing,4
respond,8
era,5
four,12
articles,5
laid,5
urfascism,1
umberto,1
eco,1
recommend,8
jail,2
responsibility,2
fact,8
aspiring,1
autocrat,1
oblige,1
calling,17
lefties,3
bigoted,2
tribal,1
broadband,1
british,10
mine,7
sooo,1
happen,10
wins,14
booksessays,1
platform,5
websites,2
ungovernable,1
uaw,1
college,5
survey,3
surveying,1
tranarchy,1
depth,1
impending,2
doom,1
deportation,9
charlotte,1
vermont,2
edinburgh,1
active,3
chicagoland,1
priorities,4
main,6
ramps,1
move,14
songs,6
potus,1
ifwhen,1
rush,6
mark,19
steyn,1
returns,7
allow,3
ssa,1
doge,164
stops,3
10m,2
taxpayer,6
funds,11
due,7
lack,5
business,9
ngorun,2
achieves,1
record,13
approval,12
gen,7
munich,17
chair,13
breaks,8
tears,2
acting,6
head,16
administration,114
mutilation,1
stunning,2
brave,3
oversight,1
committees,1
discovers,1
trillion,11
treasury,15
payments,6
winning,5
quiet,3
serial,2
killer,3
united,22
criminals,4
welcome,5
homeland,4
demands,7
ukraines,9
revenues,2
critical,5
boys,5
tampons,1
canadians,10
seething,1
hilarious,5
devastating,2
canceling,2
program,12
schools,13
taxpayers,3
turns,8
rico,1
nolte,4
disgraced,3
minutes,18
misleads,3
viewers,2
iconic,2
spot,3
knock,2
indeed,1
vitriol,1
disgusting,2
thats,19
eric,17
swalwell,3
reaches,3
peak,6
tdsmountain,2
ticking,1
prez,2
investigating,6
morning,10
briefing,3
genius,5
trolling,3
vance,91
rips,14
orwellian,2
prosecutors,17
miltons,1
wise,1
came,7
cheered,1
illegals,2
fellas,1
voted,21
doubling,3
spend,3
defense,24
european,27
leaders,31
speech,25
happened,11
reissue,1
mugshot,4
complains,1
goes,13
bonkers,1
age,11
away,16
unions,11
musks,83
sleuths,1
win,28
voters,24
announces,30
cbs,18
tennessee,4
special,7
arrive,2
mexico,27
train,3
sends,5
planeload,1
migrants,21
ric,3
falsely,3
claims,18
proposes,12
ending,8
paper,3
checks,4
fired,26
usaid,75
victims,5
featured,2
department,49
efficiency,9
shows,15
slowdown,1
realestate,1
collapsing,1
vice,12
defends,10
human,18
associated,5
press,14
youve,2
fallen,4
jack,2
smith,8
discloses,1
eyebrowraising,1
gift,3
agent,5
programs,18
agencies,19
rid,4
explain,8
insane,6
deranged,4
maniac,2
fires,30
memes,5
crowded,2
vindicated,2
confirms,15
stopping,3
birthright,12
citizenship,9
ban,26
unwavering,1
commitment,2
justice,33
equity,7
naacp,4
washington,20
remove,5
whoopi,3
full,17
basket,1
deplorables,1
zelensky,12
ukraine,61
recognize,1
plane,16
crash,17
canada,64
delta,3
reported,3
rasmussen,1
poll,10
approve,3
direction,1
team,35
finds,7
czar,18
marks,4
smoked,2
msnbcs,1
mehdi,1
hasan,1
audit,6
reveals,6
knox,1
gold,6
collin,1
rugg,1
jobs,14
skyrocketing,3
obama,22
slams,8
host,10
claiming,4
suprrise,1
unveils,4
mount,3
photo,4
grandfather,1
service,12
militaryindustrial,1
refinery,1
closure,1
von,2
trapp,1
crosses,1
alps,1
presidency,7
inkblot,1
400,6
faa,15
drag,2
queen,2
church,1
jokes,3
turkeys,1
zealanders,1
perform,1
eggs,10
rubio,23
top,36
officials,37
strongly,3
marquette,1
airs,3
alltimer,1
depths,1
sink,1
federal,128
judge,74
skeptical,2
effort,4
block,12
gop,48
spending,21
follows,2
lawfare,6
disorder,1
tro,2
yep,2
liberals,34
joining,2
snl,3
groundbreaking,1
comedy,3
scorecard,2
hows,4
kennedy,16
center,9
purge,6
greed,2
irs,12
watchdog,10
million,28
closing,4
end,39
doubles,3
blasts,7
zelenskyys,1
shortsighted,2
sir,2
keir,3
starmer,9
banner,1
significantly,2
charitable,1
tom,14
hanks,1
fuck,12
beating,2
savior,2
allegations,1
duffy,2
spacex,5
workers,56
visit,4
crime,6
govt,8
increase,3
taxpayerfunded,2
151m,1
collected,1
finland,1
urges,8
rearm,1
margaret,5
brennan,4
suggests,19
fatigue,1
httpspreviewreddit3fdk60r5dmje1pngwidth751ampformatpngampautowebpamps9c8c056793cb17a0e8271516a8c437d19b9b8e6f,1
dogeusaid,1
findings,1
fake,9
jon,2
stewart,4
exposes,3
optics,2
marines,2
flying,1
soviet,10
university,11
national,53
bermuda,1
lately,4
democrat,28
republicans,78
cracked,3
code,5
defeating,2
sums,1
tds,1
httpsxcomgunthereaglemanstatus1891119783233347931s46,1
enough,18
vances,14
unacceptable,2
calls,37
conservatism,3
deeply,2
usually,1
dull,1
affairs,2
page,10
drug,5
employee,11
pee,2
burlison,1
plays,2
interesting,11
httpsxcomwallstreetmavstatus1890866792471400704tq1x_mhbyvwlhttesylsaaaamps19,1
different,18
tale,6
supervisor,1
lap,1
daytona,5
beast,2
muhsin,1
hendricks,1
woke,19
settings,1
recuse,1
legal,20
mcconnell,27
bill,51
clinton,5
gore,2
encouraged,2
crack,3
sheryl,3
crow,3
attends,2
500,4
drives,1
mocks,6
chris,6
murphy,5
deo,1
electroshock,2
retweets,1
boo,4
anthem,4
price,8
leftists,15
inch,2
science,5
basic,5
lindsey,2
graham,3
speaking,7
facts,6
europeans,12
wet,5
blanket,4
neil,5
degrasse,4
fans,8
cheer,4
whos,7
forward,4
juneteenth,3
refuses,4
gulf,14
despite,14
nascar,3
arrives,2
babe,1
httpspreviewreddituy25pg9psjje1pngwidth696ampformatpngampautowebpamps73d5a419ecd39249c0b62b784e674bb2bd42a0a3,1
maga,28
mainstream,3
canadian,15
hockey,5
fafo,6
mexican,6
statecartel,1
alliance,9
savings,5
hit,23
100,15
borrowed,2
rhockeymemes,1
louisiana,7
abortion,20
attempts,4
extradite,1
doctor,3
pennsylvania,4
accuses,10
drowning,1
debt,13
remote,3
disarray,5
denial,1
mythbuster,1
wrecking,5
lefty,1
delusions,1
shes,10
fullon,1
lost,20
finally,7
airbnb,2
cofounder,3
gebbia,1
dayton,1
biased,2
set,16
assigns,2
oil,10
advocate,3
admin,17
tells,18
wonder,8
officers,6
cnns,2
enten,2
launch,8
rushed,2
didnt,18
hogg,4
trough,2
products,7
goods,1
reminder,7
refer,1
juris,1
teen,3
sentenced,1
lyft,1
homan,18
disagree,2
investigates,1
wouldnt,6
cross,3
cleaning,2
stablestrumpstyle,1
kept,1
promise,4
moral,4
myopia,1
nehisi,1
coates,1
maddows,2
weaselly,2
excusing,1
ted,2
cruz,3
shares,16
clock,1
ticks,1
100000000000,1
shape,3
ship,2
pentagons,1
torches,3
epic,3
buzzword,2
battle,4
fix,6
boy,7
scouts,1
unfettered,1
cesspool,1
smithsonian,1
institution,1
senate,60
erupts,1
blocks,12
chuck,8
size,2
definition,2
renames,3
denali,2
lefts,9
sue,18
moves,14
strategy,13
difficult,2
choice,4
fafa,1
original,2
cult,2
coursethe,1
msm,2
boom,7
gets,19
sweet,6
victory,10
meanwhile,2
quest,2
rank,2
banks,5
targeting,9
leftwing,7
declares,1
questions,10
smoke,2
screen,2
maher,3
shreds,1
scoutsthis,1
round,2
repeal,3
rankedchoice,1
voting,16
petition,7
95b,1
healthcare,7
undocumented,5
tiktok,15
app,6
ale,1
cut,11
extremists,1
kernel,1
brazen,2
coyotes,1
smuggling,1
departments,6
warned,3
nix,1
weakness,2
remains,1
vulnerability,1
vows,12
stick,3
shuts,4
booing,2
crowd,3
beats,1
spouses,1
exempted,1
returntooffice,1
pen,2
enjoy,4
flashback,2
larger,1
meaning,1
gone,5
considers,4
break,12
sht,3
relief,4
inspector,6
scandal,9
praises,2
population,3
replacement,2
patrol,4
agents,11
mourns,1
ivy,1
league,1
agriculture,1
secretary,22
brooke,3
rollins,3
clay,1
travis,1
turning,8
sells,2
massachusetts,6
meltdowns,2
cnn,14
msnbc,3
unpopular,2
takedowns,2
hundreds,16
guardsmen,2
deputized,2
transparency,2
revelations,2
577,1
vacation,1
pandemic,3
vaccines,2
outrage,6
worried,3
talked,1
signed,7
warrant,1
heart,5
africas,1
expropriation,2
loses,6
hookup,1
fox,13
scores,2
testing,3
allowing,2
dislike,1
letitia,2
james,8
literally,7
wags,1
thread,32
swing,4
fafsa,1
application,1
celebrates,2
25th,1
controversial,5
examples,1
waste,5
uncovered,3
oooh,1
witchy,1
pastor,1
libs,7
barack,2
obamas,3
agenda,9
undo,1
grenell,2
floats,5
facing,2
tracker,3
close,7
beg,1
board,12
walks,2
parents,4
bars,6
performs,1
jiujitsu,1
flip,6
judges,19
nyt,4
opinion,28
admits,9
sueeverythingthatmoves,1
ridiculous,4
pete,16
prepare,4
impeach,5
denouncing,1
censored,3
reintroduce,1
reparations,1
eruption,1
bleachbit,1
wipe,3
hard,14
drive,2
parenthood,1
appears,4
scrub,1
keeping,4
balance,3
save,14
dept,5
foreign,26
creating,6
nurses,4
suspended,2
viral,3
troll,1
nobody,4
buying,4
homes,7
bye,1
tier,1
threatens,20
lawsuit,9
warren,3
buffett,1
tumbling,1
shot,6
francisco,2
stores,2
zeldin,7
bombshell,5
claim,10
afd,3
candidate,6
alice,2
hahahaha,1
bleeding,1
bureaucracy,5
pit,2
reduce,3
monster,2
genderaffirming,5
procedures,3
bans,22
york,17
governmentrun,2
defend,4
tulsi,24
gabbard,20
resolution,5
introduced,9
west,10
virginias,1
carville,4
agree,7
fiscal,4
math,4
number,8
crying,5
turnabout,1
fair,6
dod,2
fails,1
7th,3
campaign,19
harris,42
paid,7
100k,1
impatient,1
journalist,2
houthis,1
threaten,5
scrubbed,1
selfsufficient,1
cartels,3
pound,1
fentanyl,2
seized,2
nurse,1
conversation,1
firings,14
limits,5
aps,1
access,19
ohio,8
illegal,20
unhinged,3
maryland,3
realtor,1
bible,2
tim,10
walz,5
crazy,8
sen,19
john,12
pulitzer,1
members,17
drop,16
bid,12
talking,7
unleashing,1
pentagon,8
budget,27
victor,2
davis,2
carolina,2
miserable,2
refugee,4
office,27
spent,8
226b,1
cash,3
communication,1
saved,1
316,1
mythologies,3
indiana,4
accused,2
plotting,3
squeezed,1
sharaa,3
syrias,6
kurds,2
aoc,6
clash,4
jds,1
subcommittee,3
uncovers,4
improper,2
newsom,8
veto,4
blocking,2
given,10
filed,3
rep,17
chief,15
hhs,5
hides,2
daily,11
wire,2
ruled,1
vow,3
wasting,2
epa,7
lee,6
allocated,1
arabs,1
india,13
fossil,1
fuels,1
fighter,1
indefinitely,5
hostage,1
keith,1
siegel,1
attorney,13
ilhan,2
omar,2
squad,1
weather,2
forecasts,1
include,4
chances,1
triggers,2
murkowski,5
sullivan,1
buck,1
blow,3
nose,1
paul,2
krugman,1
yanking,1
hangs,2
bet,6
unhappy,3
hmmm,1
maddow,4
elsewhere,2
meta,15
lays,7
coworkers,2
nih,6
busted,2
brutally,2
factchecks,2
journos,3
stand,17
chance,5
addresses,2
biggest,14
danger,1
sales,4
surged,1
mississippi,2
aims,4
loneliest,2
framed,3
hung,3
oval,6
post911,1
industrial,2
grass,1
roots,1
cancels,7
contract,7
blue,18
generally,2
readying,2
lists,2
industry,7
trumpelons,1
tries,11
xoxo,1
theyve,5
officially,11
cheers,2
dozens,4
injured,4
driver,3
crashes,3
car,13
apart,3
throwing,1
bar,5
antipathy,1
abortionist,1
violated,3
patient,2
lewis,1
administrative,2
nice,6
succeed,2
coal,1
miners,1
demoncrats,2
scared,7
corruption,7
robbery,1
twitted,1
serious,8
score,1
fat,2
policy,14
elected,6
single,5
grandparents,1
fiancée,1
schiff,2
throw,2
independent,10
reporters,5
familiar,2
newsmax,1
hoax,1
observer,1
charged,4
felony,1
meh,1
standard,2
hacked,4
defaced,4
executive,39
stretches,1
eachother,1
karma,2
dow,2
jones,2
futures,2
regulate,1
ejaculation,1
cdc,17
evidence,11
bird,10
flu,11
female,7
secret,6
alexandria,6
ocasiocortez,5
releases,12
line,7
douglas,1
murray,1
negotiating,2
funded,5
fabricated,2
dozen,2
attorneys,7
challenge,4
declared,1
hypothesis,1
congress,33
silent,2
senator,27
rand,2
thune,2
shocking,2
totally,3
crush,1
puny,1
cope,1
crossings,3
plunge,4
historic,6
lows,1
nyc,17
mayor,15
adams,21
httpsxcomniohbergstatus1889996193406865483s46,1
admins,1
corrupt,5
ineffective,1
omfg,1
surprise,6
ocasiocortezs,1
essex,1
files,6
codeword,1
exclusion,1
luckily,1
guy,9
longer,8
coons,2
drops,14
desperate,3
michigan,6
factchecking,3
sham,1
asylum,1
lives,3
dies,3
quality,3
yah,1
bad,21
reaction,4
terrorist,5
grillmaster,1
laugh,3
girl,7
rating,6
destroying,5
popped,1
feed,2
oldie,1
httpsyoutube52zc6__zlk0sikwrmks66wieapbr8,1
apple,7
allows,4
reciprocal,9
tariffs,83
hearing,8
jawdropping,2
receipts,5
lol,3
standing,7
apologizing,1
healthy,3
billion,19
paved,2
exposed,6
sanders,7
plastic,2
straws,1
deregulating,1
brings,6
road,2
became,6
karoline,4
leavitt,4
delivering,1
breaking,24
jrs,3
freeze,22
detroit,2
shelters,3
changes,9
obamaera,3
ivanpah,2
solar,4
plant,4
denies,6
facist,1
pensions,2
cutting,13
moran,1
peace,20
crops,1
probationary,5
pray,3
deports,3
119,2
variety,1
nations,9
opm,5
orders,40
terminating,1
mixed,3
interamerican,1
exclusive,13
retaliatory,3
sworn,3
services,1
aint,2
honest,2
asks,12
goldman,1
sachs,1
underwriting,1
wowthis,1
rogan,5
guest,1
fema,18
wasted,2
billions,7
dollars,9
politico,6
stock,6
tanked,1
killed,6
thin,1
track,6
according,8
reasoning,2
51st,7
sunlight,2
disinfectant,2
slowly,1
surely,1
progressives,7
shoveling,1
boatloads,1
jump,2
shark,2
defiant,1
kash,10
patel,14
surefire,2
bureaucrats,2
hide,3
fraudulent,1
republican,49
5calls,1
appsservices,1
blind,3
director,12
bitch,2
russia,29
readmitted,2
sane,2
admit,2
22b,2
grants,6
porn,2
swallowed,1
schumer,12
furious,4
cake,2
chug,1
seed,2
clings,1
beltway,1
joes,1
egg,9
prices,20
imposes,2
censorshipindustrial,1
spreads,1
lice,1
cartoon,4
blinkens,2
warning,9
boiling,1
brandon,1
gill,1
view,6
bizarre,3
role,6
weaponized,1
fbi,31
whistleblowers,5
testify,2
tiny,5
dem,14
kingdom,1
oxygen,1
tank,3
mrc,1
led,3
rumors,1
china,58
angling,1
trumpputin,3
uss,1
truman,1
aircraft,2
carrier,1
owned,1
tossed,2
chairman,5
responds,6
protesters,8
dods,1
reasons,4
treasurys,2
ucla,1
suspends,3
sjp,1
linda,3
mcmahon,3
pulls,2
zero,2
aclu,2
exists,1
hed,4
amazed,1
roland,1
bragg,2
teenage,1
toronto,2
taxi,1
lobbying,1
pharma,2
industries,3
293m,1
robert,6
confirmed,14
natos,1
rutte,1
algorithm,3
afghan,2
plows,1
implementing,4
robust,1
verification,1
worst,6
yearsthese,1
buffetts,1
rises,4
maxine,3
waters,6
progress,7
commentator,1
influencer,2
stabbed,1
arab,3
alabama,4
lose,6
millions,11
weinstein,2
brilliantly,2
complexties,2
suck,3
feds,7
gave,8
ramming,1
solidify,1
cultural,8
gains,5
toobins,1
beat,4
renowned,1
masturbator,1
judicial,3
pushback,1
processes,1
retirement,2
wokes,1
flakespeare,1
fury,2
20b,1
congresswoman,3
mace,3
exfiancé,1
nobel,1
prize,1
wait,9
gotcha,1
upstate,3
descends,1
bee,1
attractive,2
gazan,1
derangement,2
syndrome,2
sending,8
indian,5
modi,5
showing,5
collins,6
hegseth,27
delivered,1
kick,2
dogegov,3
racists,1
integration,2
geoff,1
russ,1
quebecs,1
santas,1
scam,1
harvard,1
medical,8
citing,1
uks,2
protection,8
liked,2
among,4
ran,4
investigate,5
hospital,1
sues,8
glock,1
handguns,1
easily,2
suing,2
maha,2
happenin,1
walking,4
award,2
400m,5
usaids,1
taliban,2
laundering,2
scheme,2
crisis,17
uhoh,1
lil,2
bernie,5
votes,11
longtime,2
ally,3
cancer,6
worcester,1
lend,2
ears,2
httpsyoutube6rqeebqnejosi5b9lqz8w0j9yaois,1
movie,8
trust,4
fireside,1
similarities,2
unveil,3
blueprint,5
extend,2
married,2
parties,9
residents,10
praise,1
pro,2
daylight,2
engage,2
censoring,2
william,1
ranking,1
pam,14
bondi,12
kathy,4
papers,1
performance,2
pokimane,1
assume,3
immigrant,8
complicit,1
probably,4
profit,3
emancipation,1
proclamation,1
doe,4
athletic,2
associations,2
raises,9
refused,4
qampa,2
steyns,1
brought,4
shred,2
corporations,6
dear,8
constitutional,12
went,8
200,3
fcc,4
brendan,2
carr,2
dhs,6
kristi,6
noem,7
dog,4
obsession,1
comments,8
harboring,2
bloodthristy,1
imagined,1
trumpampx27s,1
buyout,7
hunter,1
cbsa,1
masterplan,1
bite,3
bullet,1
tours,1
resume,3
proceed,1
lifts,2
remnants,1
bidenomics,2
comin,1
lawsuits,5
procurement,1
pass,3
blocked,6
current,9
clawed,2
legault,1
export,1
aluminum,3
revenue,2
rddt,1
plummet,4
collision,4
universities,3
raked,3
nearly,13
americas,24
doctrine,1
canal,4
tehrans,1
putin,27
eureka,1
tackling,1
mitch,13
productivity,1
innovation,1
kamala,28
garcia,1
low,9
trudeau,16
decides,3
goldberg,1
joy,3
behar,3
leaker,1
caught,6
tipping,2
venezuelan,4
bully,1
mock,2
bros,1
shouldve,1
lai,1
affirms,1
pause,8
secdef,1
rude,2
disrespectful,1
chalk,1
victories,2
jordan,1
peterson,1
gives,7
major,15
abandon,2
drain,1
swamp,2
gotaways,1
episodes,1
expected,10
condemning,1
kkk,1
dnc,11
pivotal,1
past,11
removes,5
divisive,1
madeup,1
disney,4
stupid,6
trigger,4
scratching,1
heads,3
bartiromo,1
puzzled,1
describes,1
limestone,1
coat,1
event,4
sql,1
usage,2
congressman,5
schweikurt,1
2725,1
harsher,1
judgements,2
hotter,1
summit,6
paris,2
entire,6
threat,17
2020,9
taylor,3
swift,3
reminds,2
dads,1
desk,1
golf,3
courses,1
pushing,3
grocery,7
rose,1
sided,2
defund,3
experiments,1
aborted,1
fetal,1
pravda,1
whines,3
mercy,3
chickens,2
unelected,3
cabinet,3
kaitlan,3
mocked,1
hysterical,1
older,1
millennial,1
barron,1
smart,3
kid,3
cry,2
sentencing,1
owns,2
backs,5
identifies,3
switched,1
bites,3
againslashes,2
huge,9
amount,3
normal,6
midst,1
jewish,3
scramble,2
ahead,5
promigration,1
lobbyists,1
surround,1
regretting,2
restored,1
mob,2
letting,2
rape,1
imported,2
destruction,4
crap,1
decision,2
explanation,1
dni,1
popcorn,1
rwhitepeopletwitter,1
redditors,2
arrrested,1
epsteins,1
500pound,2
accommodate,2
favored,1
vesting,1
clause,1
ncaa,4
strip,1
ignore,2
outnumber,1
professors,1
sharpton,4
pissed,3
unbearable,1
becoming,10
sydney,1
freeland,1
cap,2
chronic,1
recidivist,1
madd,1
sauronappointed,1
frodo,1
bert,1
rigged,2
comms,2
sits,1
denied,7
lifesaving,1
marc,5
fogel,4
broke,8
beautiful,2
releasing,2
epstein,2
jeffrey,1
pope,2
francis,5
muslim,2
cleric,1
carney,6
carbon,1
boyfriend,1
analogy,1
texan,1
allegedly,4
bullied,1
chant,1
gazans,1
israeli,4
hostages,8
tape,1
advisor,1
deepstaters,1
compare,1
marbury,1
madison,1
established,4
courts,11
envoy,4
alex,1
marlow,1
tyson,2
earful,2
paramount,1
pressure,2
mounts,1
fascinating,1
donor,1
damning,1
howl,1
nara,1
exfema,2
directed,2
skip,1
wrinkle,1
developing,2
energiewende,1
briefly,1
handle,1
maragaza,1
academias,1
gutted,3
recommended,3
appeals,7
style,4
ada,1
sudden,1
ar15s,1
ontario,3
islamists,1
obstruct,1
efforts,9
deport,4
founding,2
orwell,1
24m,1
brass,1
blast,2
steel,10
thorough,1
probe,4
maps,5
smacks,1
clears,2
bidenappointed,1
overturn,4
dismisses,4
classified,6
150,1
signs,20
continue,8
faces,10
backlash,2
counterrevolution,1
mountie,1
kevin,2
brosseau,1
frees,1
stem,2
charleston,1
allgirls,1
sparked,1
initiatives,2
femas,2
sickening,1
misspending,1
stupidity,1
achieved,2
restore,4
ussa,1
postapartheid,1
doxers,1
witkoff,1
secures,2
release,11
greenland,13
hr1161,4
119th,5
20252026,3
keeps,1
giving,7
oppose,6
involvement,1
danes,1
jews,1
longterm,1
180k,1
twitter,10
regulations,2
goldstein,1
trudeaus,2
absurd,2
greenhouse,1
quietly,5
inserts,1
across,14
tearing,1
eliminates,3
inquiry,2
bari,1
launched,6
tipline,3
oakmont,1
leaving,6
headline,1
somehow,4
defy,1
ultimatum,2
institutions,1
etc,2
decimate,1
designated,1
extremist,5
undisclosed,2
bangladesh,1
badly,2
king,7
epithet,1
hot,7
stove,1
ww3,2
eating,3
soy,1
millennials,2
1992,1
eos,1
fda,5
begins,14
layoffs,9
dismantling,6
monitor,2
recover,1
internal,2
howdy,1
doody,1
primaries,1
moderate,1
ffs,1
charge,4
gun,6
fastmoving,2
jeffries,13
pattern,1
feels,10
star,3
wars,7
plagueis,1
blah,1
wheres,1
50501,6
organizers,2
antinazi,1
inflict,1
physical,1
mitchell,1
convicted,6
34x,1
felon,3
steps,7
nomination,5
ring,4
hurt,3
inexperienced,2
sycophants,1
clowns,2
jamie,3
pennsylvanian,1
scott,2
jennings,3
sounds,8
alarm,7
suddenly,4
28th,1
doomer,1
functions,1
broken,9
eerie,1
prophecy,1
watchdogs,1
sotomayor,2
founders,1
hellbent,1
ensuring,1
aunt,2
vivek,2
decided,3
regret,3
httpsmyoutubecomwatchvdmegqav8nawampppyguavghpcybmyxjtzxigcmvhbgl6zwqgdhj1bxa3d,1
branches,2
rely,1
stupidest,1
donors,4
debunking,1
russianbacked,1
illegally,4
obey,1
howell,1
denmark,2
pandered,1
renamed,1
immediately,7
super,16
bowl,10
bit,2
considering,7
leaves,9
early,9
attempting,1
seize,1
consumer,6
bureau,4
jason,2
gray,1
administrator,4
aide,3
amends,2
anonymous,3
realize,4
assistance,2
curriculum,1
argue,6
httpsyoutubeq4au6ougc5qsiabfyjsqdpnseyez,1
accessing,4
descent,1
problem,17
writes,3
revoking,5
entry,3
matter,7
dude,1
afghanistan,1
modernization,1
shut,7
humanitarian,2
clinics,3
ags,5
boomers,1
boomer,2
exit,2
florida,6
april,1
1st,3
overnight,3
declaration,2
oregon,1
voices,3
safe,5
dumpster,1
fire,41
shutting,2
staffer,1
conservativetrumpvoter,1
httpswwwmotherjonescompolitics202502unelectedbillionaireelonmusktakeoverusaidombsciftreasurydepartmentdatabasedemocraticleadershttpswwwmotherjonescompolitics202502unelectedbillionaireelonmusktakeoverusaidombsciftreasurydepartmentdatabasedemocraticleaders,1
offices,2
ordering,2
slash,3
confront,3
consolidated,1
middle,9
recall,2
senators,11
halts,3
incoming,2
usps,1
packages,2
cooked,2
freaking,1
doj,26
podcasts,2
bent,2
individuals,1
moving,7
red,27
prochoice,1
prolife,2
reichstag,1
locations,1
hall,3
info,3
hack,1
marco,4
salvadors,2
reviews,3
unmasked,1
elons,2
goon,1
lawmakers,13
50m,2
march,4
cancelled,2
unclear,2
disenfranchise,3
districts,1
hakeem,11
premier,1
holy,3
emergency,12
several,1
address,5
latinos,2
whites,1
alleges,3
paste,1
actual,3
farther,1
grocers,1
companys,1
task,6
force,13
gained,2
dumb,1
resist,4
helping,4
actively,2
investment,3
spaces,1
gavin,4
des,1
supply,2
taxing,2
irish,1
telling,3
heist,1
egotist,1
midterms,1
housing,10
lunatic,1
impact,13
bitcoin,1
crude,1
convert,1
ken,4
martin,5
threw,1
resign,7
agency,14
sick,3
leadership,11
supposed,3
prevent,4
manipulating,2
correspondent,1
alexis,1
mcadams,1
2nd,4
blood,1
finna,1
conquering,1
argument,3
47s,1
nominations,1
overreacting,2
1933,1
blames,7
hoa,1
lawyer,2
houston,3
violations,1
mourning,3
mixes,1
sympathy,3
clashes,3
crybabies,1
weeks,7
froze,2
liberty,1
pursuit,1
seemingly,2
impotent,1
elin,1
neflix,1
brief,1
blamingdrumrollobama,1
blathered,1
born,2
slam,4
adjusted,1
shopping,2
habits,1
cheeto,2
suffering,2
surrounded,3
prefer,2
businesses,5
liberalism,6
grew,1
promised,4
yeah,2
worthwhile,1
offered,2
symbol,2
represent,1
desire,2
heroes,2
phase,1
melting,1
manage,1
satellite,1
opening,3
sound,3
target,10
dietrich,1
bonhoeffer,1
httpswwwyoutubecomwatchvh9h0yy2qdmmhttpswwwyoutubecomwatchvh9h0yy2qdmm,1
theories,4
loan,2
disbursement,1
paused,1
reversed,2
coffee,1
joke,5
wall,6
nasdaq,1
earlier,2
tea,5
pointed,1
admitted,2
disappointment,2
2028,9
registered,3
zuckerberg,4
pretending,1
subscribe,1
launches,14
pardoned,7
j6s,1
amazon,8
retailers,1
nato,12
behavior,4
fyp,2
anxiety,2
kinda,3
daca,1
jesus,5
selfeducation,1
newsletter,1
sentimental,1
susie,1
wiles,1
gtnoem,1
twitters,1
j6ers,1
pamela,1
hemphill,2
inspectors,4
denmarks,3
hopepositivity,1
reactionary,1
nihilism,1
catastrophe,1
pulled,4
faucis,2
detail,2
faced,1
limit,3
quandary,1
militarize,1
leaning,2
amend,2
22ndobama,1
restores,3
ticket,2
implications,2
exhausting,1
religion,1
facebook,5
tyrannical,1
creates,5
account,8
strong,5
humor,1
overwhelmed,3
absolute,3
httpswwwtheguardiancomusnewsvideo2015nov26donaldtrumpappearstomockdisabledreportervideo,1
arms,3
shall,2
accuse,2
harm,3
sell,6
unfollow,1
embryos,1
arrests,4
churches,1
rioter,2
aggregate,1
amendment,7
voice,6
conception,1
trickster,1
archetype,1
unexpected,2
doctors,2
borders,1
salute,8
comparisons,1
rejects,9
republicanbacked,1
montana,2
vent,1
assaulted,1
2029,1
trash,1
volunteer,4
affect,1
cartel,2
happens,4
considered,3
consequence,1
performing,1
youth,8
advocated,1
couple,3
shield,1
title,5
salutes,1
instead,2
exhausted,1
imperial,3
freedoms,1
pardons,10
mlk,4
fauci,4
milley,1
1925,1
tik,2
tok,2
charlie,2
kirk,1
anywhere,1
thanking,1
tracking,3
bannon,6
prioritize,3
distressed,1
defies,3
johnson,5
indo,1
junk,1
indoors,2
moved,4
threats,3
prompt,1
boosting,3
upholds,2
tragedies,1
freezing,2
temperatures,1
wilmington,1
1898,1
country,33
havent,3
petitions,2
legislation,4
rachel,1
mike,6
pences,1
warns,19
bids,1
transition,3
andy,4
beshear,2
performed,1
hegseths,3
display,4
lift,5
sponsor,1
770,1
gingrich,1
2026,3
double,5
racism,7
borrowers,2
total,5
rulemakings,1
risk,7
congressional,6
barrasso,1
paperwork,1
interviewer,1
klug,1
awards,5
yenor,1
desantis,4
nominee,7
uwf,1
hillarys,1
contrast,1
counsel,1
resigns,8
extends,5
protected,3
status,5
idiocy,1
takeaways,2
interference,1
distributes,1
infrastructure,1
holding,2
base,4
honestly,3
facebookinstagram,1
informant,1
karen,6
pence,2
snubs,4
2008,1
greatgrandson,1
sitdown,1
ohios,1
covidera,1
becomes,4
virginia,7
statehouse,1
advantage,1
facebooks,1
near,6
wyoming,2
lara,1
disgraceful,1
whine,2
dismiss,7
certainly,2
lied,2
quits,4
httpswwwbbccomnewsliveclyjmy7vl64t,1
failures,1
intent,1
stare,3
smile,1
nancy,5
pelosi,4
permanently,1
offshore,3
drilling,1
opportunity,2
costs,4
merrick,1
awful,3
evilly,1
treated,1
medal,1
hillary,3
motion,2
swearin,1
medals,1
podcastersnews,1
alternatives,2
rising,4
surpassed,1
allies,10
key,10
exaide,1
confronted,3
reports,5
regrets,2
appointing,1
otherwise,1
backlog,1
carter,6
goals,2
maintain,3
mistake,2
panama,14
disappointed,3
adult,1
liz,5
cheney,5
adjust,1
relatives,1
wrapped,1
roadblocks,2
ambitious,1
territories,1
purchased,1
bills,5
cons,2
centrists,1
withdraws,1
ethics,6
substantial,1
sex,5
review,8
unreported,1
romance,1
novel,3
nonsense,1
protecting,3
boxes,2
repair,1
235th,1
passes,3
avoid,3
shutdown,6
educated,2
forgives,1
428,2
bln,1
prepping,2
trumpmusk,4
bromance,1
random,2
agrees,10
pushes,4
reversal,2
panel,3
committee,12
ratchets,1
chip,2
wildly,1
successful,2
electors,2
cast,2
mary,1
uncles,1
signing,2
disturbing,2
echoes,2
drones,2
airspace,1
roughly,1
1500,2
sentences,1
meat,2
milk,2
skyrocket,1
eagle,1
anxious,2
dump,4
j6th,1
palestinians,2
indirect,4
swipe,1
guarantee,3
womens,3
excellence,1
passing,2
packed,1
losers,2
loyal,1
mccarthy,2
gaetz,5
excuse,2
preemptive,1
ramaswamy,1
firing,7
ego,1
ruin,1
lest,1
forget,3
claimed,3
coronavirus,1
select,1
oust,1
aging,2
cries,1
foul,1
hopeful,3
quitting,1
broad,1
immunity,4
realized,3
utter,1
crossing,2
forced,5
convinced,1
half,4
weirds,1
embarrassing,2
vladimir,3
2party,1
erase,3
hits,13
lunatics,1
tariff,20
goal,2
kelly,7
veiwpoints,1
railed,1
helped,10
roll,2
neighbor,1
uncomfortable,2
outlandish,1
whole,5
rhetoric,2
casten,1
pressures,6
kane,1
recount,1
unaffordable,1
inaccessible,1
trumpist,1
divide,2
popularvote,1
sexual,3
httpswwwcnbccom20241121trumpagpickmattgaetzsaysheswithdrawinghtml,1
following,3
nightmares,1
terrible,2
unauthorized,2
third,7
accidentally,1
hush,2
dismissal,4
sent,8
10k,1
venmo,1
attainder,1
scum,1
nonrepublican,1
thiel,1
safety,8
christian,8
treaty,1
haka,1
okay,2
confirming,1
declare,3
naturalized,1
administrations,4
lies,6
solution,2
misinformation,4
defence,5
count,2
bold,1
droves,1
coalition,7
gabbards,2
sympathetic,1
maralago,3
documents,6
brown,2
ruling,3
remainder,1
path,5
provides,1
upside,3
brains,1
amygdala,1
intimidation,1
voter,11
cheese,5
wine,2
kraft,1
witnesses,1
skew,1
activities,1
wealthy,4
emulating,1
götterdämmerung,1
incredibly,2
results,2
bingo,2
lever,2
testified,1
taps,2
steve,5
bannons,1
sister,1
limbo,1
secured,1
jlo,1
guardrails,1
survive,2
tradition,1
trenches,1
marchan,1
rest,3
stayed,2
dogs,3
drill,3
shatters,1
arizona,5
httpswwwkosuorg20241107superintendentwalterspreparesoklahomaschoolsforeliminationofusdepartmentofeducation,1
scenario,2
desperately,1
polls,3
neck,1
crosswhat,1
built,5
elect,4
1534,1
justices,1
cold,3
destroy,8
anymore,4
bynum,1
janelle,1
race,6
compromise,1
votesplitting,1
prolifeprochoice,1
pledge,1
restrictions,2
promising,1
turnout,2
164mm,1
channels,2
packman,1
soul,2
searching,4
peers,2
hoping,3
totalitarian,1
educating,1
realistic,1
electorate,2
theyll,1
magas,3
lazy,1
319,1
133,2
449,1
brain,1
doomed,2
conceded,1
ability,1
outlier,1
reconstruction,1
failed,2
trumpers,1
margin,1
chop,1
late,2
satisfaction,1
rational,1
reasonable,1
prediction,1
wtaf,1
paths,1
harriswalz,4
assuming,1
270,2
stakes,3
suppression,2
cheating,1
cheat,1
casting,2
ballot,3
ziklag,1
albuquerque,2
kiss,1
closer,3
6000,1
vegasarea,1
comparison,1
surprised,1
eligible,1
angry,7
memo,2
struggles,4
confident,2
impressed,1
offended,2
californians,2
nevada,2
unbelievablesort,1
interfere,2
nasty,1
editor,1
unto,1
breach,2
pac,4
jumps,1
generals,1
httpsimgurcomgalleryhistoricalcomparisonzu1c1yihttpsimgurcomgalleryhistoricalcomparisonzu1c1yi,1
cuban,4
incontinence,1
mcdonalds,1
untrained,1
harriss,2
interfering,1
beluga,1
whale,2
park,10
five,5
file,2
overseas,2
subpoena,2
grandpa,1
anderson,3
cooper,3
surrogate,1
ironic,1
weirdest,1
ave,1
male,1
couples,1
dramatically,1
revamp,1
swastika,1
flown,1
projected,1
hates,1
deadbeat,1
75000,1
drawing,3
playing,4
kremlin,4
polling,2
illiberalism,1
necessary,3
qanon,1
met,3
believer,1
suffered,2
httpswwwreuterscomworlduselectionofficialswhobacktrumpsbigliestirconcernswingstates20241008,1
acted,1
vital,1
staff,14
deactivated,1
averages,1
caucuses,1
helene,5
helpless,1
governors,5
refute,1
hurricane,3
mtg,1
crazier,1
confidential,4
opens,3
icymi,2
coward,2
heat,2
boring,1
charity,2
httpsmeidasnewscomnewstrumpsgofundmeisorganizedbyhisowncampaignfinancedirectorfailstolistacharity,1
hometown,1
plains,1
celebrate,4
wife,5
pessimists,1
core,4
master,2
httpsgettrumpwatchescomproductstourbillonblackgold,1
dossier,1
robinson,3
truly,6
unbelievable,2
melania,1
antiamerican,1
jailing,1
representative,1
nevadans,1
hiding,1
hampshire,3
dropped,4
2023,4
play,4
everyones,4
superlatives,1
raising,6
88022,1
funniest,1
emotions,1
conscience,2
animals,2
property,4
neighbors,2
haitian,3
reproductive,1
tour,3
treating,1
sports,4
undecided,2
forever,2
thinks,3
stochastic,1
terrorism,3
unrealized,1
capital,13
momentum,3
putz,1
sandy,1
hook,1
graders,1
arguably,1
delusional,4
lisa,4
loopner,1
selling,3
visiting,3
noncitizens,1
easy,4
manipulate,1
listening,2
participate,2
chunk,1
cats,2
registration,3
deadlines,1
dates,1
insists,1
unloads,1
shameful,2
whisker,1
endorses,4
fool,2
numbers,8
watchers,1
tonight,1
harpers,1
magazine,2
1941,1
participation,1
tolerance,2
tolerate,1
updates,7
struggling,3
sparks,3
canvassing,1
investments,1
arlington,1
ketanji,1
jackson,1
teachers,2
crockett,6
ratings,2
audaciously,1
fence,2
volunteering,1
leo,1
narrative,2
regards,1
uncommitted,1
delegates,1
suit,3
landlords,2
session,1
bank,3
banking,1
paxton,1
shameless,1
november,2
volunteerism,1
powder,1
keg,1
east,4
mic,1
exhibit,2
greater,3
metacognitive,1
inefficiency,1
tosses,1
listened,2
crashed,1
burst,1
flames,1
debunked,1
draws,1
sides,2
walzs,2
surges,1
tfg,1
announcing,1
bets,1
joyful,1
charm,1
chutkan,1
ignites,1
flurry,2
tough,3
divides,1
sec,2
gary,1
midwestern,1
chosen,3
minnesota,1
christians,2
madonna,1
smooth,1
swap,4
momonomics,1
bluehttpswwwyoutubecomwatchvr23qrkb7wck,1
portal,4
users,6
nathaniel,1
stinnett,1
bipartisan,1
310,1
headlines,1
defying,3
lawful,1
laughing,2
450,1
playbook,5
pros,1
empty,2
podium,1
strzok,1
trolls,3
ill,3
rolls,1
overhaul,8
clip,5
2015,1
obnoxious,1
electing,1
cases,4
challenging,2
false,1
couch,1
bowman,1
pizza,3
mediapoliticians,1
slave,1
slaves,1
owner,2
harsh,1
ordered,8
kindergarten,1
rehiring,1
purported,1
reform,5
shift,3
globalization,2
markets,2
inevitable,1
pick,10
enforcement,8
sami,1
obstacles,1
overcome,1
trumpsupporting,1
feature,2
candidates,2
unison,1
neonazis,1
anomalies,1
2011,1
saudi,4
arabia,3
reclaiming,1
dominant,1
ngos,2
ordinance,2
provide,2
previously,1
f35,3
increased,3
traditional,2
persuasive,1
favor,3
legislative,3
require,3
scrutiny,2
obesity,2
body,5
implemented,2
weaknesses,1
apathy,1
income,2
snowden,3
edward,3
holly,3
baldwin,2
factors,1
tammy,1
either,2
seeming,1
seat,4
peters,1
received,2
minority,4
grey,1
ism,1
division,1
caused,3
expansion,1
culturalsocietal,1
affects,3
sustainable,1
scratch,1
blockades,1
partisanship,1
challenges,2
rates,4
invasion,2
characteristics,1
declassify,1
concerning,2
meritocracy,2
rewarded,1
22nd,3
decorum,1
electability,2
senatorial,1
initially,1
although,2
incel,2
banned,15
controlled,2
riverside,2
cancel,6
diversity,10
visa,1
tap,1
meltdown,2
tate,3
brothers,2
hanson,1
compete,1
spy,3
balloon,1
screaming,1
council,10
farleft,3
segment,2
baltic,3
troops,14
region,4
till,1
snowflakere,1
speaker,3
spills,3
dumbest,4
accusations,1
outcome,1
nissan,1
production,3
shared,2
comment,4
hassett,1
multifaceted,1
testosterone,1
affiliated,1
summary,1
ties,8
talks,22
missing,6
snowflakerepellent,1
whitehouse,1
unfire,3
removed,10
violating,2
contacts,1
aim,2
antidepressants,4
sounded,1
contribute,2
f35s,2
yeehaw,1
emmanuel,1
byron,1
donalds,1
breakfast,4
drains,1
sea,1
offers,9
terrifying,2
vista,1
qualified,1
uturn,1
dave,2
chappelle,1
alarmists,1
bemoan,1
hammer,2
hud,2
turner,1
diddy,2
hilary,1
forerunner,1
boston,1
guatemalan,1
libcuck,1
larry,4
kudlow,4
sheriff,2
jayz,1
tunnel,1
ouch,3
banished,1
misunderstanding,1
chats,1
achieving,1
durable,1
responsible,2
californian,1
governor,14
wasteful,1
fought,2
stumped,1
battles,4
destroys,1
thishmmmm,1
christopher,2
rufo,1
expose,1
innsurrecttion,1
reuters,1
zoombombed,2
approved,1
judiciary,1
ceiling,3
europes,8
felt,6
nah,1
bro,4
electric,6
frequent,1
user,3
intel,5
russiaukraine,5
terk,1
ehr,1
jerbs,1
strives,1
manufacturing,3
except,1
downvoted,1
rlaw,1
seriously,2
destroyed,5
tucker,1
carlson,1
patriots,1
missed,4
horrifying,3
lfg,1
fincen,1
37000000,1
93b,1
fuq,1
insider,1
beans,1
crushing,1
australian,2
afghani,1
shawn,2
ray,1
hosts,1
generation,2
behalf,1
apologize,2
3500,1
scientists,2
megyn,1
predicts,2
outcomes,2
secondterm,1
impeachment,9
leaks,1
disneys,1
gumballs,1
operations,1
terminates,1
cars,5
apartments,1
adios,1
firstterm,1
rapper,1
cardi,1
balls,3
gutfeld,1
pokes,1
restraints,1
reversing,2
sack,1
energy,8
baby,4
migrant,7
caravans,1
gazas,2
passed,1
antisanctuary,1
2000,2
sum,1
offering,1
bankrolling,1
uncover,2
devious,1
rumble,1
labels,2
evil,3
wholesome,1
worsei,1
mundane,1
scraps,3
museum,2
catches,1
werent,2
disaster,6
steals,1
spotlight,2
visitors,2
fully,1
ruspolitics,1
casually,1
tourists,1
seafood,1
store,4
fresh,2
rac1st,1
asians,1
indians,3
fraudfighting,1
eagles,2
chiefs,1
demolishing,1
recordchasing,1
cocaine,2
bigotry,1
orange,1
ignoring,1
clearance,1
pics,1
participated,2
ford,3
african,4
candace,1
owens,1
wrecked,1
50b,1
celebration,1
departure,2
levin,1
stripping,1
clearances,2
numerous,1
revokes,2
soros,1
insurrection,2
debacle,1
loyalty,1
presses,1
jobseekers,1
reject,3
baseless,1
smh,1
axed,1
firm,2
equal,3
contradicts,1
commenting,1
chelsea,1
medicare,4
illinois,3
declaring,1
deserve,2
gipp,1
everybody,1
offensive,3
h1b,1
50000,2
paint,3
hyperhypocrite,1
scarborough,1
rickles,1
rpolitcs,1
dictionary,1
sunnyvale,1
citizenportalai,1
guard,5
explodes,1
lindy,1
lis,1
ryan,1
probes,2
halted,1
attn,1
antitrumpmaga,1
funny,6
upset,2
kanye,1
tweeting,1
loss,3
stands,3
clearly,1
bull,1
unity,3
divided,3
trending,2
yorks,2
skilled,1
sanctuary,2
rebuild,4
reality,3
completely,7
stroke,1
waffle,2
50c,1
surcharge,2
shellenberger,1
permanent,1
uncut,1
sanctions,5
icc,2
maritime,1
fights,1
laws,9
works,2
strange,2
athletes,3
tarrifs,2
impose,3
justified,1
disparate,1
idiots,3
predict,1
partys,4
con,1
rate,6
isaiah,1
renounce,1
wah,1
agencys,1
percent,1
hiring,4
targets,5
bondis,4
directives,2
unedited,3
jerseys,1
columnist,1
spends,1
professionals,1
palantir,2
austin,2
along,2
remain,2
abuse,2
runs,2
recruiting,5
dirty,3
delay,6
majoirty,1
scolds,3
placed,3
glenn,1
beck,1
admitting,1
piers,1
morgan,1
netanyahu,6
bureaucratic,1
bow,1
20k,1
welcomes,3
apparently,2
beef,3
czars,2
beyoncé,1
artist,1
awww,1
babiesheres,1
mckinley,1
addition,1
caves,3
phil,2
splutters,1
threatened,6
slashing,1
wth,1
gov,12
finance,2
advances,3
cynthia,1
nixon,2
sickest,1
auditing,1
deparment,1
effectively,2
blacklists,1
rightleaning,1
chicken,5
hateful,1
chapter,6
bankruptcy,1
cle,1
elum,1
californias,5
neverending,1
napolitano,1
shade,1
trafficking,1
exploitation,1
rebel,1
battery,1
storage,1
plants,17
engineering,3
kaine,3
caved,2
kissed,1
10000,4
panelists,1
fret,1
jersey,1
houses,2
knee,1
withdraw,1
dutch,1
helpfully,1
wave,4
wwwstopthewokecom,1
resurfaces,1
puzzling,1
agreed,1
announce,3
delayed,5
powerhouse,1
connecticut,2
practically,1
trade,29
fallout,2
gorgeous,3
jealous,1
beauty,1
africa,6
pathetic,1
capitulates,2
renew,3
2017,3
nhl,1
shakeup,3
mystery,2
thom,2
tillis,2
rnhl,1
gotten,2
outsider,1
touch,2
folly,1
whoever,1
throwed,1
shake,1
franciscos,1
shopify,1
tobi,1
lutke,1
dncs,2
guidelines,1
hedge,2
punxsutawney,1
tug,1
collides,2
chicagos,2
chemical,1
fish,3
comply,3
kenyatta,1
vandalize,1
fulton,1
mayors,3
oleary,1
costco,2
bucking,1
mess,1
commenter,1
throws,3
valuable,1
delivers,3
chilling,1
investigation,4
indicted,2
hopefully,1
donal,1
sweat,1
patrick,1
morrisey,1
embroiled,1
alleging,1
smackdown,1
dojdozens,1
references,5
elseincluding,1
punch,1
weighs,3
warner,2
expands,2
educate,2
air,14
traffic,3
shortage,1
strips,1
bombs,2
rule,8
steer,2
transportation,3
hospitals,2
pausing,2
minors,1
receives,2
clashed,1
wyden,1
vaccination,2
perfect,3
gustavo,1
petro,2
settlement,1
recordbreaking,1
regulatory,1
visas,3
hipocracy,1
confirmation,5
hearings,1
circus,1
wealthiest,1
fear,9
unbeweaveable,1
henyard,1
applauds,1
revoke,2
marsha,2
blackburn,3
silence,1
buttigiegs,1
bullsht,1
bidenera,2
transclinic,1
guantanamo,6
bay,5
moments,3
rrant,1
grilled,2
hat,1
tip,1
journalism,1
cropping,1
ntsb,2
dick,5
durbin,2
timeline,3
helicopter,6
recovery,1
potomac,1
river,1
midair,1
survivors,5
cnnampx27s,1
publius,1
journo,1
deleting,2
ugly,2
melted,1
questioned,1
retweet,1
floridas,1
catching,1
theorist,1
kenney,1
natl,1
nukes,1
iowa,7
continues,6
wreck,1
wapos,1
nbc,1
sander,1
confronts,3
negotiate,2
ball,3
deputy,4
updated,1
uh60,1
training,2
incompetent,3
county,8
menendez,1
stuns,5
remarks,4
restrooms,1
audi,1
porsche,1
secure,2
position,2
quotas,1
enemies,5
compilation,1
meeks,1
transformational,1
resurfaced,1
wildfire,2
charles,1
barkley,1
hardball,1
30000,1
brutal,1
laken,3
rileys,1
mother,2
tearful,1
riley,1
entitlement,1
batman,5
7400,1
requests,4
cognitive,1
decline,2
defendable,1
sometimes,4
apprehensions,1
punish,1
uber,1
millers,2
exchange,3
bass,3
aliens,2
captured,4
jake,2
tapper,1
selena,1
gomez,1
beastmode,1
runner,1
laments,1
lampoons,1
jim,4
acosta,3
empowered,1
andrew,4
täte,1
goat,1
aka,2
soon,6
changing,3
mistakes,2
farting,1
wholesale,1
fever,1
taiwan,7
origin,2
responding,2
snakes,1
sidelines,1
iconoclasts,1
blunt,1
ana,4
navarro,1
fetterman,3
attempted,2
reacts,2
deepseeks,2
urge,1
pull,4
kimmel,1
1999,1
wrap,5
restoring,1
tuskegee,1
airmen,1
wished,1
reconciliation,1
npr,1
eyed,1
macron,6
josh,5
hawley,2
concern,2
radio,3
legislature,1
afds,1
handbook,1
firewall,1
written,2
rolling,1
outsmart,1
visibly,1
ideals,1
ratcliffe,1
evaluating,1
upgrade,1
columbia,3
hour,1
woah,1
lie,3
dust,1
walls,1
fill,3
gaps,1
terrified,2
ernest,1
bigot,1
scissoring,1
sista,1
societys,1
upvote,1
downvote,1
alderman,1
disconnect,1
anchor,1
discovered,1
thankful,2
gay,1
memories,1
supercut,1
sexes,1
adfs,1
kristen,1
waggoner,1
beside,1
elephants,1
basss,1
popes,1
bluff,2
highlights,1
astronomers,1
asteroid,1
2018,2
cn41,1
decadesold,1
statute,1
midnight,1
whaling,1
youall,1
infuriating,1
tie,2
confirm,1
opposes,1
rushes,1
tent,5
notches,1
deposited,1
note,3
bias,1
hotlines,1
investigations,1
debanking,1
eyes,5
biological,1
loves,3
environmental,3
regulation,2
anthony,1
lovely,1
poop,1
triumph,1
insult,1
passports,1
details,4
tackled,1
eliminating,2
coerced,1
context,2
experiment,1
flights,4
clear,3
disinformation,1
hiker,1
twice,1
suspected,3
farmland,1
httpsnypostcom20250123usnewswhinyexciachiefbehindinfamousspieswholiehunterbidenlettermakespatheticclaimaftertrumpyankssecurityclearance,1
deserved,1
related,2
pelosis,1
traded,1
pres,1
declassification,1
expolitico,1
editors,1
jfk,1
reimburse,1
hybrid,2
able,2
klaus,2
schwab,2
wildfires,2
tales,1
connecting,1
fundraises,1
hires,1
richest,8
propagandist,1
theyd,1
prominent,3
creator,1
110000the,1
muskbacked,2
buys,2
awaits,1
acretrader,1
essential,2
decries,1
practices,1
couldnt,1
shocked,2
brainstorm,1
retake,2
publics,1
hardworking,1
stansbury,1
ossoff,1
additional,1
recipient,1
pretends,1
evelyn,1
orr,1
auto,5
interests,1
desserts,2
subsidize,1
delaware,2
seats,3
hr1395,2
weaponizing,1
resignation,4
ominous,3
setbacks,2
npc,3
trumpif,1
constantly,1
terminally,1
saving,3
loser,2
metals,2
boost,3
sith,1
unnerving,2
wake,1
buttigieg,2
advocates,1
universal,1
condemnation,1
kris,1
peanut,2
televised,1
condemns,8
profiting,1
database,3
goverments,1
erasure,2
lgbtqi,1
masterful,1
types,2
missouri,7
abortions,1
archives,3
royal,4
amid,6
selfemasculating,1
express,4
shock,6
anger,7
grabs,2
lowkey,1
suggesting,3
proposing,1
currently,1
hiv,3
probation,1
rak,2
collaboration,2
hands,6
deck,2
prepares,4
disrupted,2
regroup,1
felontines,1
heinrich,2
usda,2
accomplishments,5
armys,1
chancellor,5
votevets,1
contributes,1
500000,1
abigail,1
laura,1
growing,7
tougher,1
lower,6
looming,2
starving,2
endowment,1
appeasement,2
haters,1
nasa,4
reviewed,1
knob,1
gobblers,1
annoyed,1
principal,1
receive,2
needle,1
gops,2
tina,2
retiring,1
invites,4
advises,1
freed,1
scholz,4
popularity,2
plunges,2
measles,3
lawyers,2
morningafter,1
pill,1
proposed,5
frustrated,1
yelled,1
zimmer,1
webpages,2
disguised,1
onceindependent,1
spoils,1
reopen,2
daddy,1
dismantles,2
door,5
kos,1
mush,1
discredit,1
posing,3
comptroller,3
lander,2
assault,2
rock,2
scoop,2
lawmaker,3
nonviolent,1
lowrisk,2
nationalist,2
504,1
protections,1
association,4
disappeared,3
reassigned,1
uihlein,1
donated,1
deductions,1
homebased,1
renaming,2
moonpie,1
musktrump,1
louder,1
kleptocrat,2
yells,2
stable,2
forgot,2
canceledact,1
anglo,1
cracks,1
reps,1
demonizes,1
investors,1
memecoin,3
career,2
markey,1
scholarships,2
complaint,3
blueland,1
wealth,5
interpret,1
schumers,2
colleague,1
basics,1
annihilated,1
descend,1
tommy,1
tuberville,1
competition,1
midterm,1
map,1
space,6
creepy,1
villain,2
commission,4
focused,1
withhold,1
aba,1
memphis,1
reflection,1
absurdities,1
commit,2
atrocities,1
shadowy,2
gutting,5
bama,1
howls,1
stuck,4
nature,3
accusation,2
trumpfocused,1
virginians,1
enabling,2
wellinformed,1
prerequisite,1
rubin,1
lawrence,2
summers,1
humans,3
anatomy,1
techpolicypress,1
dehumanization,1
bald,1
matt,2
expresses,1
concerns,5
depmartment,1
dissolved,1
everywhere,2
kim,2
underachieved,1
separated,1
balances,2
vandalism,1
worry,1
plenty,1
frontline,1
opposing,2
purged,1
unconstitutional,2
overreach,1
enrages,1
naming,1
figuring,1
granting,1
changed,5
donny,2
maintenance,1
nearing,2
advocating,1
erasing,2
carrying,1
reportedly,4
africans,2
bankrupt,1
slammed,2
1600,1
minute,1
realworld,1
guardian,3
musketeers,1
slandering,1
antiusaid,1
chops,1
floor,4
cus,1
foundations,1
institutionalizing,1
hints,1
allover,1
wish,3
harming,1
pretend,1
burgermeister,1
meisterburger,1
arts,2
historian,3
compares,1
kah,1
25000,1
cpac,2
parallels,2
unsettling,1
plentiful,1
entering,1
jefferson,1
mental,1
pauses,5
wades,1
mural,1
ultra,3
bucks,3
emerging,2
gaming,2
dealt,1
raffensperger,1
demolition,3
crew,4
criticizes,3
renews,1
interest,6
propublica,1
whatever,2
fits,1
damage,1
refrain,1
namecallingbut,1
outspoken,1
highranking,1
ivanka,2
squads,1
hawk,1
pilot,2
terminated,1
eradicate,2
campaigned,1
abandoned,1
catholics,1
raw,1
mirage,1
handcuffed,1
chained,1
thrown,3
disintegrating,1
introduce,4
jeff,3
specialty,1
galvanized,1
preferential,1
evidencebacked,1
homepage,1
qualifications,1
reboot,2
revealed,5
ceodictator,2
barge,1
lowering,1
imminent,2
aggressive,2
incursion,2
thwarts,1
neronha,1
mcconnells,2
injuries,1
lansing,1
shoving,1
filing,3
fell,1
stairs,1
meddling,1
womp,1
taunt,1
knows,3
unilaterally,3
carolinians,1
raleigh,1
scapegoats,1
miss,7
mcsweenys,1
deserves,2
escape,2
winston,1
churchill,1
sara,2
jacobs,2
doxing,1
forbidden,1
eta_pptpptx,1
slides,1
parasocial,1
slate,2
eighteen,1
redevelop,1
nfl,1
fields,1
invoke,2
usc14s3,1
capitals,1
providers,2
moron,1
terminate,1
tiktoks,1
exhibited,1
present,3
hollywood,2
ariana,1
14days,1
indoctrination,2
vanilla,1
pervert,1
dissent,2
shumer,1
proves,1
raskin,2
delauro,2
booker,1
expanded,1
sunk,1
salvador,2
flood,3
sixword,1
exploding,1
250000,1
uniting,1
posthumous,1
grammy,1
issued,1
dgaf,1
cfpb,3
yulia,1
navalnaya,1
hr55,1
logic,2
gitmo,1
detention,6
canadas,10
denazification,1
doctrinal,1
nominees,1
blamed,2
wes,1
shoppers,1
react,1
option,2
clueless,1
trunp,1
dictator,4
deletes,2
lgbtq,6
hurts,1
curb,2
bbut,1
assured,1
screenshot,1
eliminate,1
osha,1
engineers,1
aiding,1
downtown,3
revisits,1
bbc,2
hardship,1
journal,2
kleptocracy,1
autocracy,2
supplies,4
leopards,2
quantity,2
senior,3
forcefully,1
resisted,1
spikes,1
exclusively,1
donnies,1
fulfilling,1
pockets,2
walkout,2
watergate,2
invokes,1
dreams,2
155b,1
irony,2
palpable,1
followers,1
cultish,1
philip,1
detailed,1
retaliation,3
potentially,2
slaps,3
contest,2
scrambled,1
retain,1
fck,1
sexism,1
thump,1
hawks,2
mask,2
hidden,3
papaya,1
trees,1
seek,4
sows,1
progop,1
wsj,1
pension,1
powerhungry,1
opened,1
inner,1
workings,1
protrump,1
beets,1
confefe,1
prescribing,2
alarming,2
trashes,1
groceries,1
lighting,1
burning,1
aviation,4
directs,3
aides,2
patriot,1
outgoing,3
institute,1
rift,1
scary,4
pritzker,2
slandered,1
cardinals,1
coach,2
dennis,1
campaigning,1
newlyelected,1
swimming,1
pritzkers,1
tens,1
tricked,1
outand,1
crashthanks,1
blaming,2
friendly,1
congestion,2
tolls,1
secretarys,2
yost,1
hr28,1
girls,2
guts,1
spiteful,1
outcry,1
criticize,2
tsa,1
coast,4
bornalive,1
son,4
sean,2
plain,1
presser,1
donaldkruger,1
bottom,2
omb,1
misses,1
monger,1
interactive,1
p25,1
antiharris,1
tangerine,1
25m,2
dot,1
secreality,1
contestant,1
rallies,3
legally,1
fmr,1
banners,2
spike,2
pays,2
divorcing,1
infected,1
calvin,3
fumbles,1
medicaid,6
hr722,1
implement,1
14th,1
folds,1
commentary,1
rescinds,1
warn,2
barbie,1
veteran,2
vocational,1
awakens,1
blitzkrieg,1
greenlanders,1
360,1
sacrificed,1
enthusiasts,1
jolting,1
receiving,2
trump21,1
purges,1
weil,1
scanlon,1
beginning,5
screwed,1
stopwork,1
pepfar,2
temporarily,4
repost,1
wordy,1
assistant,1
declined,1
locks,1
caroline,1
predator,1
mccormick,1
solving,1
lake,2
titicaca,1
lina,1
hidalgo,1
trilliondollar,1
legality,1
contrasting,1
null,2
whatsoever,1
tune,1
noise,1
pediatrician,1
separations,1
antihiv,2
raised,2
disses,1
down1498,1
investigated,1
disastrous,2
whenever,2
uses,6
script,1
eyeing,1
deporting,2
henry,1
merit,1
antivaxxer,1
amazing,4
usha,1
pricey,1
delusion,3
finest,2
carolinian,1
demonstrators,1
perplexity,1
particular,1
colombian,2
origins,2
zeroes,1
travel,3
issuing,1
swiftly,1
enacts,1
politician,1
fuk,1
redistricting,1
russians,1
putins,1
legends,2
entirely,1
toadies,1
ramp,2
trumpsizing,1
biggs,1
oracle,1
towamencin,1
resigned,1
beloved,1
serving,1
satirical,1
metaphor,1
antiabortion,1
marriage,3
lashing,1
bishops,1
plea,1
compassion,1
fallacy,1
ousts,2
tyrants,1
neofascism,1
answered,1
sooooo,1
algorythm,1
avoidance,1
empathetic,1
trumpies,1
fiery,1
nampzis,1
prosecuted,1
rioters,5
1945,1
excluding,2
bishop,2
mariann,1
budde,1
blowing,1
threads,1
foolhardy,1
doug,1
emhoff,1
shamefully,1
therapy,2
ogles,2
amending,2
autism,1
harassing,1
1930s,1
canceled,2
prime,3
oklahoma,2
endorsed,1
summery,1
betting,1
odds,1
counting,1
computer,1
curtailing,1
righttowork,1
deduction,1
chopping,1
utilizes,1
web,1
servers,1
indiaisrael,1
cards,1
pursue,1
tighter,1
rocks,1
argentinas,2
javier,4
exporters,2
expect,1
worsening,1
singh,1
parliament,2
guilty,1
southwest,1
airlines,1
nepa,1
eli5,1
shale,1
vaca,1
muerta,1
observations,1
breakthroughs,1
chases,1
naval,1
academy,1
teaching,2
regional,2
jet,2
royalty,1
chinas,15
unspoken,1
jinping,2
uncertainty,2
hitting,1
koreas,4
resignations,3
belgian,1
soldiers,2
logical,1
merz,2
multibillion,1
sees,2
membership,2
constitutionalism,1
kallas,1
norway,2
zelenskyy,9
broadcom,1
tsmc,2
justification,2
georgist,2
reduced,1
rwandabacked,2
m23,3
capture,1
eastern,5
joint,2
bonds,2
table,2
apply,3
suppressants,1
rife,1
heavy,3
seeks,13
indonesias,2
shrinking,1
rattles,1
fargo,1
stalin,4
proven,1
ease,1
withers,1
therapist,1
venting,2
fearing,3
intensify,1
oped,1
originalist,1
drumpf,1
marriages,1
colombias,1
fertility,1
estimated,1
concerned,1
definitely,2
yimby,2
nimby,1
imposed,1
loose,1
rethinks,2
wording,2
iran,5
animal,1
muchfeared,1
powerlessness,2
flexes,2
successfully,3
ghana,2
jihadi,2
measure,1
mauritius,1
minister,11
usbacked,1
eliminationist,1
navalnys,1
wwf,1
facilitate,1
polar,1
secretly,2
welcomed,2
poilievre,3
repudiates,1
austria,1
stronger,3
cooperation,2
oncesecret,1
inflows,1
argentina,5
lowest,2
monthly,4
rice,2
import,1
gut,1
comfort,1
waltz,1
chagos,1
nnsa,1
reintroduces,1
dominance,1
monitors,1
suspend,2
spokesman,1
slanders,1
italian,3
usrussia,4
uganda,1
torch,1
220,1
euros,1
jean,1
claude,1
draft,1
negotiations,1
milei,4
backtracks,2
44b,1
guaranteed,2
crawford,1
nepals,1
brexit,1
labours,1
reformation,1
populist,3
translation,1
specifically,3
taboo,2
cutbacks,1
httpswwwyimbylaworgpresslarezoninglawsuit,1
enlisting,2
carmakers,1
summarized,1
marine,1
vet,2
minerals,5
transfer,1
infant,2
mortality,1
births,1
norman,3
koreans,2
removing,2
mind,6
quantitative,1
interventions,1
utilized,1
eis,1
refusing,2
httpsnewrepubliccomarticle190897readingpennsylvaniademocratslatinovoterproblem,1
evs,1
datacentres,1
driving,2
souring,1
rwandanbacked,1
enter,3
bukavu,1
demographic,1
intels,1
factories,1
navigators,1
dispute,1
pierre,2
glide,1
alien,4
overseeing,2
polands,3
transsaharan,1
pipeline,1
algeria,1
nigeria,1
traces,1
commissioners,2
deadline,2
poland,7
hole,3
retail,1
slumped,1
machiavelli,1
autocratic,1
polish,14
eurovision,1
elite,1
klein,1
blacklisting,1
chill,1
chernobyl,2
reactor,1
friedrich,1
germanyand,1
neighborhoods,2
gautreaux,1
largest,1
racial,1
jaemyungs,1
flipflops,1
drastic,2
japan,4
extradition,1
wields,2
signaling,4
cambridge,4
singlefamily,1
zoning,3
businessman,1
quebec,4
stonewall,9
lgb,1
wang,1
dialogue,1
metal,1
danielle,1
sassoon,1
brit,1
nigel,1
farage,1
straining,1
usindia,2
tiesand,1
bessent,1
misled,1
doges,6
stocks,4
waited,1
moderation,1
reinstates,1
construction,1
coalfired,1
armored,2
intervenes,1
onset,1
daunting,1
trading,2
deficit,1
270000,1
refugees,1
returned,1
linings,1
jolts,1
develop,1
reforms,3
auckland,1
dispelling,1
methodists,1
plateauing,1
fuel,1
warsaw,1
brazils,1
lula,1
silicon,2
valleys,1
macho,1
makeover,1
expresident,1
poroshenko,1
oligarchs,3
jeopardy,2
phantom,2
islamic,1
clark,1
lightheartedness,1
merkels,1
postchevron,1
evade,1
teslas,3
drugs,5
beach,4
discussed,1
settle,1
fears,5
xenophobia,1
lowincome,1
fortress,1
rural,2
diet,1
heavily,1
untapped,1
firefighters,5
olaf,1
brink,1
dictatorship,1
exceeds,1
antiantineoliberalism,1
kentuckians,1
afford,3
poilievres,2
unshakable,1
austrias,1
guantánamo,5
hungarys,2
goldsmith,1
combined,1
captain,1
increasing,1
finlands,1
fukuyama,3
pvv,1
prewar,1
licensing,2
yoy,1
cpi,1
compared,2
fixing,1
homelessness,5
highrisk,2
insurer,1
pln,1
pis,1
ambition,1
checking,2
policeman,1
rogue,2
populism,2
misguided,1
crusade,1
sba,1
congo,7
conflict,4
jahiliyyah,1
verbal,1
homeowners,2
improve,2
personnel,2
gsa,1
cattle,1
harper,2
accept,4
elmo,1
behind,6
reserves,1
jerome,1
powell,1
maya,2
slashed,1
mexicos,4
afternoon,1
onethird,2
investai,1
mobilise,2
atlas,2
pittsburgharea,1
deb,1
haaland,1
exinterior,1
covertly,1
ignores,1
annexing,1
failing,1
aggression,1
learning,3
losses,1
trades,1
misfire,1
ambassador,3
volhynia,1
avian,1
economists,2
landmark,2
agi,1
replace,3
replaced,3
walkable,1
lithuanian,1
accepting,2
der,1
leyen,1
escalates,2
handing,1
vegan,1
dairy,1
nears,1
pakistan,1
pakistans,1
ttp,1
empire,6
retreats,1
pounces,1
donnie,1
exemptions,1
venezuela,3
allison,1
niall,1
ferguson,1
propose,2
theft,2
taxation,1
privatized,1
rent,4
afge,1
chaotic,2
influential,1
osu,1
tressel,1
disbursed,1
racket,1
soar,1
premiums,1
baltics,1
synchronise,1
grids,1
western,4
muses,1
iqaluit,1
bending,1
secretaries,1
tourism,2
littered,1
conflicts,1
undergo,1
reshuffle,1
postneoliberal,1
furman,1
toll,1
champions,1
snowballing,1
suffocated,1
bankers,1
euphoria,1
fading,1
anarchic,1
copypasta,1
flairs,1
unchanged,1
romanias,1
preempt,1
belarus,1
profiles,1
109,1
ping,8
noboa,1
gonzález,1
ecuadors,1
arrington,1
nippon,3
stake,1
penny,1
grid,1
hardest,2
megathread,1
birds,2
neal,1
stephenson,1
consumption,1
champagne,1
appease,2
teeter,1
edge,1
liechtensteins,1
vaterländische,1
clean,3
remembered,1
ministry,1
proposals,1
irans,1
assassinate,1
recruitment,1
forecastreality,1
chart,1
headsets,1
cable,1
drama,1
loading,1
britains,2
renationalisation,1
emerges,3
sam,1
nujoma,1
namibia,1
shakes,2
formulas,1
racist,1
australias,1
gouging,1
duopoly,1
buckle,1
ride,1
dragnet,1
widens,1
puerto,2
britain,2
trumpland,1
narendra,1
modis,1
bjp,1
delhi,2
conservation,1
deregulate,1
pragmatic,1
erodes,1
deny,2
hopefuls,1
racing,1
scams,2
foreshadowed,1
nihs,1
evercloser,1
accelerated,1
draghi,1
lifting,1
evan,1
lieberman,1
2022,1
princeton,1
protectionist,1
zeal,1
workforce,6
320m,1
ruleoflaw,1
fine,3
value,1
tanker,1
crackdown,2
antidei,1
arvind,1
kejriwal,1
concedes,1
prosperity,1
nobelwinning,1
ishiba,1
invest,1
roles,1
rwanda,2
burundi,1
resettlement,1
shoup,1
author,1
highstakes,1
justin,3
plaintiffs,1
alleged,2
disbands,2
institutes,1
betrayal,3
venezuelans,1
faith,1
faithbased,1
khamenei,1
denounces,1
negotiation,1
washingtons,1
centrist,1
publicly,2
computing,1
magat,1
sale,2
23yearold,1
including,2
carries,1
brussels,3
gang,1
zerosum,1
psychopathy,1
employment,1
nonfarm,1
revised,1
seasonally,1
halting,1
bloody,2
youthquake,1
mozambique,1
redhot,1
tourist,1
destination,1
stagnation,1
continuing,1
handling,1
census,1
unavailable,1
rwandan,1
unalakleet,1
nome,1
infiltrating,2
taiwans,1
torrenting,1
laptop,1
delegation,1
slovenia,1
technologist,1
upend,1
russell,1
vought,1
294,1
gorbachev,2
jonathon,1
sine,1
awardwinning,1
locke,1
whiskey,1
sold,1
iranian,3
disqualifies,1
debbie,1
parker,1
readers,1
incarceration,1
reoffending,1
periodtoperiod,1
diplomat,2
lammy,1
visits,1
kyiv,2
prioritizes,1
highbirthrate,1
areas,1
snap,1
uscanada,1
patronage,1
constituent,1
kemi,1
badenoch,1
waiting,2
hemispheric,1
hololive,1
customs,1
travelling,1
ministers,2
barred,2
crippling,1
swings,1
assassins,1
appoints,3
wolf,1
warrior,1
concessions,3
crowds,1
indias,3
bats,1
indiaeu,1
fta,1
amny,1
subway,1
plummets,1
ridership,1
mileis,3
defuse,1
hitlers,1
reviled,1
supported,1
sought,1
darkness,1
3000,1
polysilicon,1
wafer,1
cell,2
poorest,1
brand,4
boycotts,1
noaa,2
sweeping,2
expulsions,1
southeast,1
asia,2
calculates,1
instructs,1
doortodoor,1
demanding,2
ids,1
attend,1
g20,1
neoliberals,1
disilusioned,1
vessels,1
fagan,1
taco,1
archenemy,1
unclassified,1
contractors,1
25yearold,1
backdoors,1
lng,1
hormone,1
dumbarton,1
oaks,1
exist,2
gilded,1
speaks,1
importance,1
guatemala,1
paralyzed,1
renewables,1
permitting,1
leaked,2
harden,1
contentious,1
aside,1
meant,2
temporary,1
investor,1
bayrou,1
noconfidence,1
lads,1
onto,2
wage,4
cadet,1
shein,1
geopolitics,1
scandinavian,1
eucom,1
downsizing,1
notquiteantiwoke,1
caucus,1
yorker,1
floated,1
exploring,1
scenes,2
finishes,1
poised,1
postal,1
reverses,2
spare,1
prochina,1
fafonomics,1
chaos,6
erdogan,1
critics,3
rattled,1
spate,1
termination,2
relax,2
revive,1
ukcanada,1
cashews,1
nut,1
heading,1
duterte,1
philippines,1
feud,1
bruh,2
jaemyung,1
pax,2
americana,2
appointees,1
wages,2
buyouts,1
belted,1
roaded,1
recalled,2
staffers,2
headquarters,1
deepfake,1
shockingly,1
suspension,1
inbound,1
parcels,1
econometrica,1
monuments,1
sheinbaum,3
unironically,2
football,1
til,1
imports,1
rehires,1
trumptargeted,1
sweden,3
neoliberal,4
strangest,1
faas,3
server,1
adjusting,1
pivot,2
conducting,2
regard,1
limited,1
globe,1
editorial,1
placing,1
flemish,1
bart,1
wever,1
uscis,1
covid19,1
vaccine,2
requirement,2
unipolar,1
schedule,1
nsf,1
scouring,1
adds,3
somebody,2
64000,1
stoltenberg,1
apartheid,1
icon,1
giants,1
pact,1
runup,1
counters,1
offshoring,1
invited,3
electricity,1
russias,1
fast,1
rc135v,1
rivet,1
riles,1
nicest,1
myanmars,1
gaining,1
ground,1
farm,1
1940,1
economist,1
ahmed,1
alsharaa,1
jolani,1
realism,2
effortpost,1
substack,2
susan,1
warlord,1
nationbuilder,1
2600,1
hike,2
schatz,1
ripping,1
ontarios,1
100m,1
ecuador,3
per,2
cent,1
creation,2
monetary,2
formation,1
cycle,1
schooling,1
cooled,1
playground,1
tasks,1
tons,1
mulino,1
somaliland,1
uavoli7ion,1
ultimately,1
fail,1
selfstyled,1
shocks,1
militarys,1
waking,1
calm,1
misunderstood,1
inspire,1
germans,1
goldplated,1
kyriakos,1
mitsotakis,1
die,2
gap,1
adapt,1
milder,1
winters,1
drc,1
kicks,1
separation,1
civilian,1
shifts,1
thailand,1
kosovo,1
switzerland,1
glad,2
economically,1
literate,1
diplomats,1
confiscating,1
induce,1
abbott,4
tokyo,1
mood,3
coherent,1
magacommunism,1
trie,1
capt,1
outlines,2
proworker,1
mission,2
devil,3
shoulder,1
sideline,1
julianne,3
moores,1
childrens,2
irss,1
introduces,2
reset,1
tense,1
formal,2
chtulhu,1
reviewing,2
neuralink,1
draw,2
noon,1
contradictory,2
statements,2
1022,1
registry,1
expectant,1
egypt,1
inappropriate,2
betrayed,3
holds,1
vowed,2
champion,1
fewer,1
pliant,1
emboldened,2
fundation,1
hochul,3
assembling,1
genz,1
minion,1
signals,4
barrage,2
blindly,2
defending,4
hypocritical,1
parasite,3
sucked,1
gather,3
volunteers,1
emil,1
bove,1
rhode,2
island,4
zachary,1
cunha,1
highincome,1
tuned,1
ranger,2
astronauts,1
scrambles,1
untraceable,1
weight,1
outraged,1
ukrainerussia,1
antitransgender,1
exits,1
115000,1
unleashed,1
kings,1
rings,1
150yearold,1
smash,3
2162025,1
policing,1
timothée,1
corrections,1
elmira,1
appointment,1
staffing,1
daring,1
pollster,1
deputies,1
epas,1
prompts,2
axis,1
maternal,1
omaha,1
mafia,1
shakedown,1
insurrectionists,1
inclined,1
150yearolds,1
collecting,2
reel,1
151,1
paychecks,1
existential,1
selfinflicted,1
balks,3
ridiculed,1
unwilling,1
nowhere,1
nullified,1
miami,1
suarez,1
consumers,1
rehire,3
saves,3
oversteps,1
splinter,1
hinder,1
adamss,2
costing,1
casts,1
psychiatric,1
weightloss,1
51ststate,1
literal,1
antimusk,2
primed,1
split,3
imprison,1
demonstrate,1
remake,1
pressuring,1
remind,1
1980s,1
costly,1
morally,1
coins,1
watches,1
cryptorelated,1
dallas,2
retreat,2
recreational,1
marijuana,1
jpmorgan,1
analyst,2
questioning,1
holiday,5
expertise,1
locates,1
automaker,1
archivist,1
retire,1
singapore,1
disease,4
detectors,1
swell,1
marking,1
whether,1
manhattan,1
uphill,1
dogeaffiliated,2
surrender,2
intellectual,1
unfired,1
cruelly,1
salvaged,1
halve,2
wildland,1
notices,1
convening,1
presented,2
document,3
weak,2
widely,1
topple,1
exdem,1
csis,2
positioned,2
accessed,1
frederick,1
stepping,1
frazzled,1
israelhamas,1
falling,2
primary,2
tatters,1
radicalized,2
industrys,1
lobbyist,1
lonely,1
mrna,1
exceptional,1
diseases,1
yields,1
dismantle,1
insiders,1
israels,2
dadfluencer,1
leveraging,1
levels,1
masquerading,1
stamps,1
mullin,1
sleep,1
yale,1
likening,1
napoleon,4
extension,2
rebukes,2
execute,1
shapiro,1
sharp,1
gopled,2
quickly,2
mirror,3
tall,1
sets,2
horror,1
unease,1
occupy,2
coasttocoast,1
newspapers,2
isolationism,1
forprofit,1
showdown,1
birthday,4
asian,3
sheet,1
allout,1
mineral,1
overlord,1
gripes,1
greatest,3
reshaping,2
concede,1
circles,1
allude,1
urged,2
definitively,1
detains,1
eradicated,1
finish,1
particularly,1
heinous,1
disdain,1
deaths,1
steamrolls,1
floodthezone,1
varying,1
nationalities,1
nationals,1
detained,1
ben,1
constraints,2
discordant,1
utah,3
emperor,3
scorching,1
unchecked,2
rapidly,1
remakes,1
gag,1
passport,2
trapping,2
theorists,2
bargaining,1
urgent,2
analyses,1
influenza,1
axing,1
rfks,1
landed,1
shores,1
disclose,2
goverment,2
steven,1
lay,3
dimons,1
rescind,1
youll,1
wrongly,1
flooded,1
bare,2
quoting,1
freezes,1
bruise,1
initial,1
defiance,1
forest,2
eeoc,1
discrimination,1
automatically,1
violate,2
kindergarteners,2
reverse,1
disclosure,1
trolled,1
adversaries,1
expelling,1
bond,1
loved,2
shuns,1
shuttered,1
penn,1
scrubs,2
uncounted,1
throng,1
endocrinologist,1
differences,3
cisgender,1
collide,1
tricky,1
kneecapped,1
meteorologists,1
flooding,1
tomorrow,3
boogers,1
cool,3
transformation,2
blasting,1
decades,2
palin,1
strikes,3
buffer,1
cartoons,2
toplevel,1
declines,2
grim,1
vicious,1
mug,1
spotted,2
adviser,1
photographer,1
tornado,1
stunned,1
pitch,1
owning,1
dizzying,1
speed,1
todo,1
curbed,1
economics,2
misreading,1
shielded,1
highprofile,1
decried,1
pleas,1
shun,2
appear,2
duck,1
unpacking,1
wmu,1
impacted,1
clawback,1
georgias,1
relishing,1
sensing,1
patriotic,1
duty,1
idaho,2
ten,2
ffrf,1
ashley,1
clair,1
zuckerbergs,1
sexy,5
rupert,1
murdochs,1
halftruths,1
pluck,1
80m,1
selfinterest,1
compensate,1
cdcs,1
detectives,1
halved,1
winter,3
flee,1
restaurants,1
politely,1
agreement,1
blasio,1
flimsy,1
rev,1
forcing,1
13th,1
bonneville,1
departures,1
decry,1
leases,1
appearing,1
shush,1
systemic,1
emails,1
leading,2
brooks,2
alaska,1
bomb,1
specialists,2
requested,3
teams,2
invite,1
unfair,1
confusion,2
vibe,2
murdoch,1
earths,1
shunning,4
investigators,1
roiling,1
tension,1
disability,2
benefits,2
clarity,1
escalate,1
gunmakers,1
soaring,1
cruel,1
hastilylaunched,1
richard,2
disintegrate,1
suffers,1
pouring,1
hawaiʻi,1
harder,1
prophylactic,1
vouchers,7
kemps,1
undermining,1
deportationcentric,1
restricts,1
4400,1
publicland,1
autos,1
breakups,1
blistering,3
monument,1
deigov,2
redirects,1
wastegov,1
risky,1
withholding,1
barring,1
erases,1
outbreak,1
reinforce,1
120,1
20250211,1
acus,1
toxicity,2
spell,3
1000,1
discharge,1
trumpflation,1
increases,1
upsetting,1
comparing,1
captures,1
contents,1
expects,1
adults,1
unionbusting,1
maxwell,1
frost,1
tactics,3
frustrate,1
louisianas,2
promotion,2
woo,1
acclaimed,1
transport,2
defiantly,1
restricting,1
holdout,1
coders,1
loot,1
onetenth,2
moscow,2
elbridge,1
colbys,1
generates,1
whispering,1
sleeping,1
expel,1
burn,2
bonfire,1
iron,2
dome,1
sued,1
directive,1
dangerously,1
conflates,1
disrupts,2
punishing,1
hagan,1
scotten,1
notified,1
postcovid,1
hangover,1
toss,1
insults,1
looting,2
rages,1
crazed,1
six,2
greta,2
thunberg,2
enters,1
darkest,1
period,1
honorable,1
miamidade,1
commissioner,1
ladapo,1
endangering,1
shed,1
gunfree,1
fines,1
guantanamos,1
disrupting,1
teed,1
berates,1
tensions,1
inclusion,1
headed,2
tests,1
strengths,1
blitz,1
hails,1
megapartnership,1
modeled,1
emptyhanded,1
amir,1
ali,2
5day,1
appeared,1
atlantas,1
carson,1
lacks,1
supremacists,1
suits,1
unearthed,1
fooled,1
consideration,2
erased,1
uprising,2
lord,1
camouflaging,1
accordingly,1
24bn,1
vat,1
fly,1
expanding,1
rolled,1
heartlessness,1
yosemite,1
vinnik,1
wellknown,1
gifts,1
prospect,1
laidoff,1
exodus,1
quid,1
nephew,1
dementia,1
threeway,1
preps,1
phillips,1
pathetically,1
cybercriminal,1
boasts,1
cancellations,1
lockland,1
uncertain,1
northern,2
mariana,1
twoparty,1
embassies,1
instructed,1
reductions,1
innocent,1
lifted,1
antwerp,1
film,2
peertube,18
liebling,1
linke,1
und,1
bsw,1
materialism,1
labour,3
smaller,1
twist,1
perfectargument,1
resurgent,1
jeremy,1
corbyn,1
luther,2
companion,1
unionization,2
morocco,1
sahara,1
researching,1
impacts,1
mclibel,1
demonstrated,1
coordinated,1
organisations,1
charities,1
scare,2
googles,1
feedback,1
tributes,1
filipino,3
israelis,1
antipalestinian,1
surplus,1
neoliberalism,1
shapes,1
pakistanibritish,1
bodycam,1
footage,2
originally,2
215,1
communists,6
ups,1
teamsters,2
spartacus,1
berlin,2
1918,1
marx,7
engels,2
documentaries,4
socialismcommunism,2
psl,11
keyu,1
shout,2
options,1
bonus,1
lve,1
autobiography,1
biographies,1
greens,1
moroccan,1
antiworker,1
underreported,1
misogynist,1
repression,1
regimes,1
ceasefires,1
kompassgruppen,1
lenins,3
peasants,1
1919,2
yemen,1
portraits,1
parts,1
psychology,2
austerity,1
imf,2
structured,1
strings,1
macklemore,3
kendrick,1
lamars,1
workertoworker,1
eras,1
19391942,1
del,2
serbia,1
problems,1
convince,2
zionist,2
devout,1
jew,1
rca,2
indefinite,1
succeeded,1
19181923,1
swedish,4
dockworkers,2
employer,1
intrinsically,1
favors,1
sociopaths,1
publications,1
egyptian,1
unionist,1
texts,2
internationalist,1
farming,1
materials,1
leeja,1
helps,1
ussr,5
environmentalism,1
gardening,2
continuous,1
incarcerated,2
unlimited,1
stimuli,1
upon,2
startups,1
mistral,1
helsing,1
acropolis,1
castro,2
che,3
philly,2
josie,1
mpama,1
mccarthyism,2
began,2
santa,4
unified,1
maoist,1
whitewash,1
pillboy,1
ppsd,1
booksarticles,1
patterns,1
roma,1
revoluyion,1
extremism,1
contompasis,1
2021,1
wierzbicki,1
spotify,1
handed,1
nlrb,2
frequently,1
councils,1
unionism,3
adopt,1
crashesmarxistly,1
replying,1
lenin,3
enver,1
hoxha,1
para,1
yemeni,1
micro,1
macro,1
p2025,1
unite,3
accident,1
figures,2
antifascism,1
preparation,1
bullets,1
homosexuality,1
burkina,1
faso,1
traoré,1
tenants,3
elderly,2
sitting,2
suggestions,4
orleans,2
storedup,1
trapped,2
addiction,1
marxs,3
somewhere,2
enforce,1
twelve,2
kobane,1
raffle,1
negative,1
pushed,1
antifacist,1
irancontra,1
leftistnonamerican,1
masks,1
download,1
1804,1
stories,1
oppression,1
experiences,1
function,1
normality,1
neurodiversity,1
educational,1
1947,1
commodity,1
grievances,1
vast,1
joshua,1
zuniga,1
artists,2
tirrrb,1
models,1
compensation,2
acquisition,1
akron,1
jihadist,1
visual,1
gentrification,1
gothic,2
vartan,1
wwii,1
workshop,1
mao,2
irl,2
typical,1
especially,2
scientist,1
mathematician,1
mondragon,1
evening,3
160000,1
cduafd,1
stage,1
researchers,1
watched,1
forum,1
panicorganize,1
collate,1
tariq,1
dirtbag,1
org,2
closest,1
ideologist,1
yarvins,1
usual,1
suburbs,1
2009,1
allied,1
intervention,1
allende,1
matos,1
bourgeois,2
lemmygrad,1
bunch,2
altlabor,1
rankandfile,1
squid,1
comet,1
congos,1
usled,1
herero,1
boomerang,1
merzs,1
gamble,1
sra,1
charters,1
deadly,1
professional,1
ppl,1
advertisment,1
spit,1
quibble,1
spark,1
uae,1
neo,1
yuan,1
bike,1
delivery,2
edison,1
eaton,1
jeroen,1
kooijmans,1
chilean,1
hawaii,1
opportunities,2
spartanburg,1
deportees,1
instructing,1
finished,4
peoples,2
haynie,1
uga,1
antiimperialist,2
fairly,1
herekindly,1
suggest,2
introductory,1
launching,1
workerowned,1
poynter,1
pirate,1
dprk,1
navajo,1
recession,1
drafted,1
designate,1
antifa,1
neonazi,3
friendships,1
donations,4
dropoff,1
bourgeoisie,1
enlightened,1
bombed,1
nabatiyeh,1
luxury,1
cocktail,1
participating,1
cardiff,1
sabotabby,1
deepseek,1
tram,1
wrote,2
injustice,1
anduril,1
perestroika,1
19831991,1
erich,1
honecker,1
saarland,1
memoirs,1
virtual,1
hilo,1
reliable,1
privatise,1
dialectical,1
josip,1
broz,1
tito,1
loosing,1
philosophy,1
favourite,2
barrio,1
existed,2
precapitalist,1
painting,28
belfast,1
chicano,1
designating,1
benefit,1
techindustrialcomplex,1
drugaddicted,1
babies,2
innear,1
militia,2
pathfinder,1
arming,1
35th,1
annual,2
appeal,1
classwar,1
classical,1
fahiem,1
cleveland,2
harpal,1
brar,1
behaviour,1
freaked,1
alinskys,1
httpswwwtiktokcomtzt2nfxxwt,1
professor,2
kent,1
suite,1
dating,1
apps,2
whelp,1
httpsapnewscomarticlepetehegsethdefensesecretarytrumpcabinetconfirmation12491935023692bce0a04d149663e784,1
aware,2
affirmative,1
sector,1
1928,1
bedford,1
textile,1
colonization,1
younger,1
antiice,1
shirts,1
militant,2
shirtsgear,1
1920s1940s,1
purists,1
feng,1
wuzhong,1
acomplishments,1
lumpenproletariat,1
consciousness,2
linktrees,1
boarder,1
meetings,1
unhoused,1
rant,1
stolen,1
radicalizing,1
slovakia,1
warehouse,1
coping,1
colleagues,1
finkelstein,1
karon,1
overthrow,1
servants,1
bezos,1
anticapitalists,1
seuss,1
comics,1
ww2,1
focusing,1
immigrated,1
crossed,1
engineer,1
astronomy,1
marked,1
101,2
1905,2
documenting,1
bolshevist,1
bashkir,1
turks,1
iww,1
relevancy,1
kidding,1
chest,1
choose,2
anticapatalist,1
sankarism,1
teachings,1
ineligible,1
telegram,1
frances,2
parti,1
socialiste,1
persuasion,1
excellent,1
switzerlandbased,1
hotel,4
rican,1
1967,1
balloting,1
combating,1
sovereignty,1
infohazard,1
proletariat,1
battaglia,1
organising,1
criticized,1
backing,1
messed,1
experienced,1
harvest,1
ccp,1
huber,1
kohei,1
escaping,1
jay,1
inslee,1
20th,1
americansnot,1
confederalism,1
pamphletszines,1
inform,1
feras,1
lamees,1
stress,1
assassination,1
tricklebee,1
jugs,1
sweep,1
encampment,1
conjunctural,1
crises,1
1989,1
diane,1
starved,1
stifles,1
delays,1
farmworkers,1
invented,1
kke,1
lahaina,1
crimes,1
sudanese,1
milwaukee,1
facility,1
ireland,2
sri,1
lanka,1
enhanced,1
parent,1
bronx,2
fouralarm,1
scene,2
tkp,1
kemal,1
okuyan,1
antiwar,1
clothing,1
lots,1
proworkingclass,1
genocidal,1
slaughter,1
displays,1
malcolm,1
vietnam,1
homecoming,1
jen,1
howtheredwaswon,1
saentero,1
marxistleninist,1
antirevisionist,1
colonizers,1
slipped,1
banked,1
lesser,1
displaced,2
protester,1
capitalists,1
gearing,1
transitional,1
contradictions,2
fora,1
humanity,2
vicechancellor,1
lavish,2
assaulting,1
propalestinian,1
negligence,1
inaction,1
epidemic,1
ink,1
drawings,3
kholoud,1
hammad,1
ordinary,1
dbz,1
incited,1
favoritebest,1
writersauthors,1
blown,1
stalking,1
broligarchy,1
farc,1
eln,1
household,1
1136,1
anticommunism,1
transform,1
regular,1
lizzie,1
anchorage,1
apd,1
coca,1
cola,1
propalestine,1
httpsnyusolidaritynationbuildercomnyustudentpetitionrecruiter_id1950,1
necessity,1
embargo,1
mouse,2
cha,3
josé,1
jiménez,1
staten,1
misuses,1
analyzing,1
promotes,1
karl,3
informative,1
galapagos,1
exposing,1
antisocialist,1
shrewd,1
marxleninism,1
pasadena,3
consent,1
manufactured,1
limerick,1
150000,1
evacuation,1
surgeon,1
dfw,1
1964,1
mccreery,1
donation,1
unionizing,1
josef,1
theoryliterature,1
escalating,1
dizzy,1
ellen,1
coyne,1
beware,1
paycheck,1
distributed,1
rifle,1
trial,2
pgampe,3
manager,1
travels,1
vol,1
psl_losangeles,1
affected,1
pepe,1
mujica,1
latestage,1
spoke,2
altadena,1
resident,2
gardener,1
jaime,1
advance,1
unconscious,1
epistemic,1
privatizing,1
lampt,1
jamil,1
imam,1
customers,1
natural,1
diego,1
ndp,1
teaches,1
london,1
richmond,2
volume,1
uyghur,1
xinjiang,2
catastrophic,1
traveling,1
majestic,1
prologue,1
underlies,1
superstructure,1
appreciation,1
elizabeth,2
gurley,1
flynn,1
dou,1
dwight,1
howard,1
tweeted,1
presentation,2
creative,1
argentines,1
rangers,1
unwell,1
dissatisfaction,1
klasbatalo,1
devgeek,1
oropesa,1
centers,1
oropesas,1
expire,1
patreon,1
dig,1
assads,1
perverse,1
lgtbiq,1
foreigner,1
kritikpunktarticle,1
encounter,1
pricing,1
pgampes,1
falun,1
gong,1
worries,1
comedians,1
faisal,1
whose,1
conqueror,1
spiritual,1
logistics,1
joined,1
kritikpunkt,1
terror,1
chain,1
poisoned,1
taste,3
ketchup,2
oconnor,1
siren,1
feudalism,1
turkmenistan,1
pflp,1
donating,1
shaka,1
greenwashing,1
maintaining,1
isis,1
rsocialism,1
introducing,1
ernesto,1
prabhat,1
patnaik,1
myanmar,1
instability,1
perennial,1
tatmadaws,1
algorithmic,1
technologies,1
mid,1
urss,1
rop,1
troubles,1
masterpiece,1
rides,1
trips,1
extended,1
greetings,1
haiti,1
blockade,1
ivory,1
minimum,3
954,1
1963,1
sunset,1
overdrive,1
insomniac,1
explotation,1
vail,1
perceptions,1
wyatt,1
horrors,1
climatefueled,1
pakistani,1
gwangju,1
noche,1
cubana,1
compass,1
revolutionaryth0t,1
zombie,1
pic,13
revives,1
kononovich,1
vigil,1
antiimperialism,1
december,2
hikes,1
imperialist,1
missile,2
ash,1
sarkar,1
wicked,1
lingerie,2
redblack,1
tifa,104
lockhart,96
kitty,3
cringe,1
kpop,1
901,1
hudson,1
knife,3
rodeo,1
album,6
rebuilt,1
prowling,1
mantis,2
yawn,1
horizon,1
funk,1
assassin,1
creed,1
dinner,1
date,3
salter,1
riffraff12000,2
568,1
retcon,2
427,1
crabs,1
crab,1
bedroom,2
curse,1
381,1
homemade,2
butter,4
kangaroo,1
boxing,1
match,1
cute,2
damascusknife,1
hellize,2
900,1
colorless,1
escalators,1
sniffing,1
panties,5
shower,6
899,1
lockart,1
reuploaded,1
ass,9
tits,8
9mm,1
switch,1
clouds,1
xeno,4
sticky,1
nerd,1
utopia,1
condition,1
fornicates,1
898,1
goblin,1
swimsuit,1
yordle,1
poppy,1
scotch,2
bonnet,2
pepper,3
grow,3
birb,10
138,1
rotterdam,6
zoo,6
showed,1
cactus,2
sock,1
bands,3
doki,2
lasciviousarts,2
bushcrafter,1
dress,1
cup,3
valentine,2
897,1
comstock,1
hanakos,1
humbling,1
137,1
hair,5
personally,2
allergic,1
boredom,1
896,1
horns,2
smell,1
polite,1
geese,1
895,1
aampr,1
zlatoust,1
seliger,1
birch,1
bunny,1
sugar,1
kirbys,1
foraging,1
anne,1
hathaway,1
roomba,1
knocked,1
vase,1
appreciate,1
benchmade,1
275sgy1,1
894,1
fucks,65
bed,3
emily,1
thirsty,1
goodnight,1
wpol,1
eat,5
steak,1
tater,1
893,1
nostalgic,1
eickhorn,4
vanguard,4
65ab67f19ae8f7b30fd008d3609ac05d2d092ee7edbd8df110b8e22c663f281f3241b730a16b3ab4a91d4288140baf5a0364ecc922d82e18348cef071b4812e3,1
ᚦshapeyourmindorbeshatteredbyit𖣘ᛝ,1
136,1
892,1
asunas,1
initiation,1
madhoundart,2
squirrel,2
addicted,1
goth,2
891,1
artistic,1
trailer,2
4invaders,1
careful,1
shitpost,2
niche,1
hobby,1
miniature,1
lovers,2
squat,1
1000th,1
890,1
unmoderated,1
135,1
sonic,1
inverted,1
spirits,1
889,1
stack,1
sober,1
134,1
mantra,1
888,1
887,1
solo,1
haein,1
leveling,1
shibari,1
costume,1
pigeons,1
886,1
nurseslt3,1
allure,1
graphite,4
condoms,1
885,1
luna,1
snow,4
spiderman,1
hae,1
toshii1ro,1
gort,1
perfection,2
incarnate,1
gλпjλ,1
dsgsfs,1
fsdf,1
aerith,3
shirt,2
884,1
bot,1
scammed,1
krabby,1
patty,1
ingredient,1
booby,1
titan,1
character,1
dinogolf,1
anna,1
elsa,2
acrobatics,1
rcultofsuu,1
883,1
cum,1
hallelujah,1
882,1
selfie,1
mtrash,7
fable,1
xenomorphs,2
edgerunner,1
concept,1
construct,1
truck,1
881,1
sweaty,1
looked,3
880,1
backdoor,1
amiibo,1
manga,2
trio,1
shego,1
879,1
feet,1
snowshoeing,1
adorned,2
pussy,5
upiercingart,2
dual,1
antenas,1
878,1
fermented,1
sauce,2
throwback,1
maid,2
tight,1
mistress,2
trish,1
scandinoff,4
seax,4
custom,1
puukko,1
weiner,1
877,1
skiing,1
kaiserschmarrn,1
vanellus,1
8x8ft,1
876,1
fancy,1
marttiini,1
helle,1
woodjewel,1
tilo,1
knuth,1
aaahhh,1
875,1
ashes,1
mini,1
mario,1
add,1
tongue,1
snowing,1
alley,1
venom,2
psylocke,1
yang,1
874,1
shorts,1
praying,1
anon,1
spiders,1
afterlife,1
reincarnation,1
neat,1
873,1
seeds,2
ororo,1
munroe,1
plump,1
scarousing,1
872,1
roselli,2
hunting,2
upam,1
giantess,2
kuzuhana,1
dandelions,1
edible,1
eaten,1
bone,1
lunch,1
veg,1
yap,1
871,1
ost,2
undressing,2
gigachad,1
pure,1
malice,1
870,1
elf,2
132,1
aoi,3
kodera,2
woods,2
869,1
gem,1
overthink,1
played,2
zenless,1
xenomorph,1
sketch,8
bund,1
868,1
scarlet,1
surgery,1
stones,1
skipping,1
veiny,1
cock,2
hanako,2
867,1
frontal,1
covered,2
flowerbutt,1
understatement,1
cereal,1
soup,2
liquid,1
floating,1
bath,1
866,1
865,1
caravan,1
palace,1
imagery,1
potato,1
gyaru,1
milf,2
moanin,1
ideal,1
bikini,1
twin,1
bored,1
fuckign,1
diagnosed,1
catcus,1
yout,1
uok_train_596,1
7eleven,1
cells,1
864,1
asparagus,1
sloths,1
basically,1
tree,1
hobbits,1
nonces,1
uneven,1
beards,1
dandruff,1
863,1
mai,1
kamogawa,1
fishnets,2
phara,1
dived,2
bound,1
tinker,1
bells,1
flower,1
goodbad,1
mommy,2
outfit,4
862,1
jojo,1
lip,1
biting,1
diesel,1
locomotive,1
diagram,1
itachi,1
sakurako,1
reread,1
kujo,1
feelin,1
courage,1
disturbed,1
caring,1
fried,2
spaghetti,1
faye,1
earns,1
extra,2
autumn,2
wonderland,1
861,1
edging,1
odometer,1
odomeyard,1
cower,1
pomegranates,1
drew,1
xoxox,1
sir_newlife,1
yakub,1
860,1
httpspreviewreddit5myw07zahfbe1pngwidth1540ampformatpngampautowebpampsbbc19e4e5264c7171fd8d4f45cd13430e3e9f2a8,1
chose,1
destiny,1
busty,1
skate,1
coolest,1
mode,1
859,1
winds,1
whisper,1
misty,1
butterflies,1
woe,1
colors,1
agreeing,1
tomatoes,2
technically,1
fruit,1
smoothie,1
858,1
uncle,3
jeds,2
garden,3
fetch,1
sofa,2
bloom,2
singing,1
tsunade,1
vous,1
souhaite,1
une,1
très,1
bottled,1
gangstalkers,1
plates,1
1vd619,1
5gvm,1
290,1
chunli,1
857,1
meal,1
row,1
marvel,1
rivals,1
throat,1
cakeday,1
mtrashs,1
131,1
snowy,1
sun,1
rays,1
liars,1
chili,1
peppers,2
spicy,3
prey,1
nier,1
automata,1
endlessly,1
linder,2
platterl,2
bowie,3
856,1
moons,1
flex,1
brunswick,1
stew,1
shrooms,1
855,1
gengar,1
stripes,1
takae,3
kasumi,2
groovy,1
molecules,1
854,1
snowman,1
headphones,1
generated,1
locust,1
hiking,1
hogs,2
drink,1
rum,1
clyde,1
toast,1
853,1
drippy,1
upanda667788,1
oriental,1
walked,1
springs,1
dva,1
blessing,1
angel,2
lovelies,1
flat,2
lasagna,1
venison,1
cheeseburger,1
852,1
movies,1
lizard,1
timer,1
kolbi,1
wheel,1
shelf,1
deer,1
burger,1
851,1
leuku,2
puronvarsi,1
gwen,1
charcoal,1
850,1
flickered,1
anime,5
pastel,1
thia,1
849,1
nickel,1
yield,1
medusa,1
pointy,1
momo,1
ayase,2
layla,1
seduce,1
ciris,1
potion,1
potency,1
facial,1
plantmas,1
tanned,1
laylas,1
hematoma,1
848,1
pumpkin,2
qualify,1
cook,1
lamb,2
nico,1
robin,1
847,1
bastards,1
bake,1
tomato,2
beardgoatee,1
shaved,1
mavuika,1
xmas,1
lewd,1
radioactive,1
bananas,1
slightly,1
potassium40,1
846,1
findom,1
workinprogress,1
andrews,1
basement,1
standup,1
raindrops,1
pattered,1
gently,1
windowpane,1
nuggies,3
chikn,1
someones,1
845,1
tease,1
pinup,1
844,1
1966,1
chevrolet,1
corvair,1
yenko,1
stinger,1
josefkun,1
ate,14
items,1
bits,1
843,1
tattoo,1
reindeer,1
mitra,1
succulent,1
wrapping,1
nuggie,1
workout,1
routine,1
842,1
rehwappen,1
invaders,1
naughty,1
krampus,1
write,1
redacted,1
throne,1
confidently,1
waved,1
841,1
pronounce,1
victree,1
edits,2
screenshots,1
jewelry,1
ahti,1
namek,1
saga,1
pistol,1
yards,1
dwarf,1
newest,1
salad,1
840,1
bristol,1
839,1
planted,1
mac,2
mashed,2
marinate,1
ramen,1
4some,1
lunchlys,1
httpsyoutubeu76y1ckqs3usiorakk9xki8gsxelc,1
belive,1
838,1
porcelain,1
doll,1
filthy,1
passion,1
belt,1
sneakers,1
manifesting,1
messy,1
protested,1
837,1
crows,1
130,1
smol,1
chronicles,1
dranik,1
knightfall,1
psych,1
836,1
fugtrup,1
fresher,1
legs,1
mama,1
835,1
sensual,1
squeeze,1
dumbells,1
boner,1
gym,2
wraps,1
raiden,1
shogun,1
genshin,3
reposting,1
cocoa,1
834,1
cuddle,2
diamond,1
unbreakable,1
mcribs,2
httpsyoutubeieju52wfwcsinz8_9a1onaklrdj,1
fritters,1
httpsyoutubepcbd1rfaeysiuyeprcfvq83izc6f,1
httpsyoutube8auhqdxmtrqsiwhpwkrzby3j3v34y,1
cheeses,2
corndogs,1
httpsyoutubeoxkx3aoerzgsivgggfacc1oxgnyq,1
tacos,3
httpsyoutubez66h_q2tigasirrglnhsujaogsym4,1
httpsyoutubeopjpjhenviqsialj6t25b3fbn_ura,1
loaf,1
sausages,1
httpsyoutubeedgggxbvgxosiut9bwvasnaap0d3c,1
833,1
inlaws,1
vegans,1
832,1
httpsyoutubeoy5sfre0vrysi3l6qzkw1ki_x_56,1
titties,5
titty,2
chihuahuas,1
breed,1
companions,1
universe,1
aligns,1
festive,1
kanao,1
chocolate,1
cream,1
peppermint,1
maple,1
glazed,1
cinnamon,1
831,1
ineedmydrugsineedmylovebitchespullingupandtheysuckusupiminthattonkababycomeshowmelove,1
hentai,3
haircut,1
lust,1
screams,1
azula,1
atla,1
sandwich,2
lean444eal,1
830,1
gullveig,1
emblem,2
riding,1
cowgirl,1
129,1
qrow,1
lt3,1
pets,1
chipotle,1
grouch,1
incredibles,1
dichotomy,1
penis,1
829,1
duality,1
finishing,1
peachy,3
servant,1
eleven,1
nugget,1
sandwiches,2
httpsyoutubeieju52wfwcsifubovewkwlrkrng7,1
828,1
confession,1
choosing,1
funnier,1
pierogies,1
meatballs,1
grill,1
maiden,2
nikke,2
crusader,1
protects,2
827,1
ahri,1
futanari,1
hibino,1
waaaagggghhh,1
wher,1
boyz,3
salmon,1
spices,1
826,1
sally,1
acorn,1
presenting,1
arc,1
rope,1
mei,1
sucking,1
afrobull,1
salt,1
sluts,1
gammainks,1
ieta,1
cox,1
uuuh,1
825,1
disrespect,1
edp,1
shortstack,1
rouge,1
kiyo,1
seven,1
jade,1
string,2
pearls,1
lithops,1
flowering,1
heresy,1
824,1
minji,1
newjeans,1
iphone,2
cosplay,1
changli,1
wuthering,1
waves,1
823,1
worm,1
explaining,1
reasonings,1
seiko,1
dandadan,1
pictures,1
rainbows,1
gitz,1
jolly,1
xenos,1
incursions,1
git,1
chaplin,1
brazil,1
subreddits,1
822,1
wer,1
mooore,1
821,1
defensive,1
xilonen,1
curves,1
sneaky,1
foods,1
grabbed,1
uxeno132,1
saneperson,1
820,1
chloe,1
chichi,1
dragon,1
pancakes,1
sixtynine,1
cow,1
hibiscus,1
minecraft,1
predictions,1
819,1
hoped,1
ballistic,1
submarine,1
martha,1
affirmation,1
survived,1
rpolitics,1
gig,1
818,1
tinder,1
girlfriend,1
subbb,1
boing,1
sew,1
817,1
nidalee,1
tasting,1
craft,1
glinda,1
inspired,1
816,1
equipment,1
815,1
thong,1
fuvks,1
sanrio,1
warhammer,1
fanart,1
curvy,1
814,1
sleepy,1
pervs,1
spider,1
ima,1
terrain,1
veggies,1
gleaned,1
dedede,2
813,1
flipped,1
bev,1
brick,1
heretics,1
fashioned,1
rustic,1
carector,1
sheep,1
812,1
dominate,1
summer,1
mythical,1
creatures,1
horrified,1
inked,1
shiny,1
hoppip,1
elses,1
psalm,2
811,1
barbaras,1
covenant,1
milky,1
decepticon,1
autobot,1
2005,1
idw,1
810,1
809,1
wallpapers,1
wallpaper,1
dragonball,1
piccolo,1
meats,1
forgets,1
dose,1
adrenochrome,1
comicmanga,1
hardly,1
drawn,1
objects,1
tryna,2
sleazy,1
fonna,1
trouble,1
overwatch,1
pornification,2
index,2
vampiric,1
pixel,1
setup,1
guitar,1
banana,1
oranges,1
httpsyoutubecn6rr4tydossijdnfvflcihdb632o,1
808,1
kindness,1
lifetime,1
2019,1
807,1
camera,1
korekiyo,1
potatoes,1
sausage,1
custodian,1
gif,1
collection,1
806,1
shiro,1
birria,1
builds,1
elden,1
