author,count
M_i_c_K,246
John3262005,194
Walk1000Miles,145
Prudent_Bug_1350,141
Ask4MD,137
[deleted],120
AutoModerator,112
machan12,103
Healthy_Block3036,102
DEMOCREPUBLIX,88
Trumpet_of_Jericho,81
Equivalent-Ad8645,67
IHateTrains123,60
xeno132,57
CrimethInc-Ex-Worker,57
johnateapple,54
nimobo,46
Lil_Peachy_Fox,46
Lotus532,45
t-o-m-u-s-a,43
wenchette,40
D-R-AZ,40
progress18,39
Afterswiftie,39
triggernaut,37
pleasureismylife,36
Jimmys_Paintings,34
BubsyFanboy,33
dangerous_service,32
IcyOlive8202,32
Dazzling-Screen-2479,31
raicopk,31
Doom_Walker,28
Rousherte,27
LolAtAllOfThis,27
arca_num_,26
Efficient-Party-2323,26
Spiderwig144,25
Intelligent_Let_3523,24
ldn6,24
Economy_Swim_8585,23
GeneralCarlosQ17,23
thatrightwinger,20
ONETRILLIONAMERICANS,20
Disastrous-Object647,19
cristoper,19
89417dre,19
Horst93Walter,19
Straight_Ad2258,18
ParfaitAdditional469,18
biospheric,18
ThatJankyDoll,18
EUstrongerthanUS,18
Imicrowavebananas,18
Beliavsky,18
CulturalMarxist123,17
NoThirdTerm,17
coinfanking,17
Down-not-out,17
trumpaddict2020,16
jobautomator,16
Saltedline,16
j_michel,16
Sine_Fine_Belli,16
FreedomsPower,15
rewkom,15
curraffairs,15
zroxx2,15
WildestDreams_,14
HeHateMe337,14
AceCombat9519,14
MuniPal,14
Charming-Score7015,14
broc944,14
Rad_Energetics,13
PrithvinathReddy,13
averiroselyn,13
undercurrents,13
AndrewWarra,13
jonfla,13
HikmetLeGuin,13
USANewsUnfiltered,13
Quirky_Chicken_1840,12
Murky-Site7468,12
Paczilla3,12
z8675309z,12
zsreport,12
Arenologist,12
GriffinObuffalo,12
Street_Anon,12
AnarchaMorrigan,12
aslan_is_on_the_move,12
Plaintalks,12
UnscheduledCalendar,11
Free-Minimum-5844,11
tta2013,11
FlamingNutShotz4You,11
md06john316,11
LANDANVRpizzaking_42,11
Dependent-Cherry-129,11
CooterCKreshenz,11
yogthos,10
Quirkie,10
origutamos,10
UpgradedSiera6666,10
East_River,10
independentlywrong,10
jeffie_3,10
abrookerunsthroughit,10
Acedread,10
isawasin,10
DasAntwortviech,10
nosotros_road_sodium,10
obesedestro,10
shevekdeanarres,10
1_ShadowThorn_1,9
CASHOWL,9
Financial_Army_5557,9
baby_budda,9
TimesandSundayTimes,9
Clevart92,9
newsspotter,9
Rock-n-roll-Kevin,9
No1PaulKeatingfan,9
DumpedChick22,9
No_Lifeguard747,9
callycumla,9
clamorous_owle,9
luvv4kevv,9
Obvious-Gate9046,9
sensitivesashimi,8
RGV_KJ,8
Pinot_Greasio,8
Delicious_Adeptness9,8
ComfortableWage,8
1Rab,8
rhino910,8
amartin141,8
Tuxcali1,8
sweatycat,8
backpackwayne,8
TheMemeWarVeteran,8
nbcnews,7
ellistonvu,7
Own_Entertainment847,7
Ok_Entertainment7075,7
pharrt,7
IWantPizza555,7
GeneReddit123,7
Newlife1025,7
Awesomeuser90,7
okayblueberries,7
SpaceElevatorMusic,7
Touristupdatenola,7
Mysterious-Ring-2352,7
scmusicman843,7
redditor01020,7
XXXCincinnatusXXX,7
Aggressive1999,7
ngoni,7
Infidel8,6
Famous_Criticism_642,6
Amtoj,6
Working-Welder-792,6
Kunphen,6
HotHuckleberry8904,6
ModernJazz-2K20,6
hunegypt,6
Slainlion,6
nytopinion,6
Real_World123,6
Death_and_Gravity1,6
AravRAndG,6
f1sh98,6
amievenrelevant,6
AmericanPurposeMag,6
Imagine_breathingHAH,6
RedWarrior42,6
DraconianDebate,6
Ok_Aardappel,6
Adrian_TTV,6
EricReingardt,6
EKsaorsire,6
bloomberg,6
dheber,6
lbrtrl,6
vampirepomeranian,6
PsychologicalHat2617,6
brushfirefred,6
Top-Psychology5094,6
WisestPanzerOfDaLake,6
Either-Needleworker9,6
Inevitable_Catch_566,6
smauseth,6
bernd1968,6
comic_moving-36,6
IanTrader,6
donutloop,6
Peersoon_2000,6
sufinomo,6
not_homeless_yet23,5
Any-Feature-4057,5
Humble_Poem_2257,5
Yosoff,5
Neither_Mood4230,5
Megalodon481,5
La-Sauge,5
Frog_Yeet,5
LavenderBloomings,5
plz-let-me-in,5
RecentMonk1082,5
NoFocus4742,5
leninism-humanism,5
RatioKey2034,5
smurfyjenkins,5
Why_Cant_I_Slay_This,5
Affectionate_Cat293,5
NeolibsLoveBeans,5
doobied-2000,5
Arktikos02,5
towngrizzlytown,5
TheWayToBeauty,5
Striking-Watch,5
SocialismForAll,5
Routine-Confusion-62,5
tinfoiltatty,5
ControlCAD,5
shallah,5
southpawFA,5
stevie-x86,5
Ashamed-Complaint423,5
NoPossibility5220,5
Silly-avocatoe,5
NewEraSom,5
nimicdoareu,5
judgejeaninne,5
JudgeSabo,5
littleoldlady71,5
AskRedditOG,5
teddybear41,5
RelativeDinner4395,5
tigers1230,5
Dragon_Jew,4
ObligationAware3755,4
AF2C,4
Gnxzz,4
SkudChud,4
gadgetygirl,4
throwaway16830261,4
Icy_Statement_2410,4
17FactsHub,4
TanviVats,4
_vokhox_,4
lumine2669,4
whicky1978,4
Possible_Shirt_4935,4
MilkyxDad,4
JPRedScot,4
SandyPhagina,4
benaissa-4587,4
broken_knee_,4
this-is-all-nonsense,4
Konradleijon,4
ms_directed,4
More_Schedule5678,4
jolson1616,4
reynvann65,4
Malubu,4
Academic_Avocado_439,4
luthen_rael-axis-,4
Arachnohybrid,4
maximumkush,4
lightiggy,4
MojoV100,4
-Erase,4
LibransRule,4
audiomuse1,4
DontBeAUsefulIdiot,4
Louis_de_Gaspesie,4
h20poIo,4
Signal-Lie-6785,4
drjjoyner,4
Boonzies,4
HazyDavey68,4
Exciting_Teacher6258,4
aeugh1447_,4
sereneandeternal,4
unfinishedtoast3,4
PlethoraOfPinatass,4
wiredmagazine,4
teamworldunity,4
thenationmagazine,4
Running_From_Zombies,4
nkaufman11,4
Holyland_focus,4
Magro18,4
_SilentGhost_10237,4
SideRepresentative9,4
reubencpiplupyay,4
cdstephens,4
IJustWantToBePure,4
DemonicsGamingDomain,4
WarmingNow,4
Somervilledrew,4
Oleg101,4
_patterns,4
Droughtg3xfc,4
ObjectiveAd6551,4
WildAutonomy,4
DonSalaam,4
1TTTTTT1,4
Silent-Resort-3076,4
squidwurd,4
PostHeraldTimes,4
flyn4fun2,4
am_az_on,4
Anonymouse_Bosch,4
Bigcouchpotato1,4
1CCF202,4
MysticMind89,4
thetruckerswallofsha,4
Doener23,4
peoplemagazine,4
stuffandthings83,4
TrixoftheTrade,4
JustWinning733,4
Hrmbee,4
Hamseda,4
RudeAdministration1,4
lire_avec_plaisir,4
CheetoMussolini,4
privatize_the_ssa,4
KonstantynBrick,3
OkHeart8476,3
According-Activity87,3
Holiday-Tie-574,3
Shalaiyn,3
BigBeansBigBalls,3
TechnicianTypical600,3
Repulsive-Volume2711,3
Carlson-Maddow,3
HooverInstitution,3
ProLifeMedia,3
Labaholic55,3
Purple_Writing_8432,3
RecursiveeQ,3
puffic,3
old---,3
dr_isk_16,3
rollingstone,3
2slow3me,3
Infinite-Profit-8096,3
hypsignathus,3
ale_93113,3
AMagicalKittyCat,3
SadPandaFromHell,3
RadiantWarden,3
Steve____Stifler,3
arcgiselle,3
Artexjay,3
WholeInspector7178,3
Staedert,3
da96whynot,3
Ornery_Character_657,3
anohioanredditer,3
HKJGN,3
myfishbulliesme,3
Stockjock1,3
DREWCAR89,3
AniNgAnnoys,3
Plastic-Age5205,3
GoGetSilverBalls,3
jinc1019,3
Simpletruth2022,3
SittingTonka,3
Shaposhnikovsky227,3
padraigd,3
tcumber,3
Material-Put5549,3
Various_Arrival1633,3
evan_m_IJ,3
realplayer16,3
Jellyandjiggles,3
Ok_Huckleberry7405,3
Dxmndxnie1,3
BO978051156,3
CuteAsCarrieanne,3
francescadabesta,3
FinalAd9844,3
newfrontier58,3
BronzeSpoon89,3
washingtonpost,3
juspassingby,3
WyoFileNews,3
leadhd,3
tasty_jams_5280,3
Peteostro,3
OfferMeds,3
No_Discussion6913,3
FitAd5739,3
Humpty_Dumps,3
OkayButFoRealz,3
EducationMental648,3
TheMooseIsLoose2355,3
soalone34,3
dabidabidu2,3
skypilo,3
ralphbernardo,3
countraagh,3
jazzjustice,3
RenziumZ,3
progressiveprepper,3
4920185,3
kioma47,3
ShowerFriendly9059,3
SE_to_NW,3
ChiefD789,3
SubjectInevitable650,3
hjb88,3
SpecialistStory336,3
TheGza760,3
SpiritualCopy4288,3
hentaigabby,3
brewin91,3
cdrcdr12,3
I_who_have_no_need,3
Antique-Entrance-229,3
jadebenn,3
speakhyroglyphically,3
gary_oldman_sachs,3
schefferjoko,3
theatlantic,3
leeta0028,3
Labtink,3
ThahZombyWoof,3
Gr8daze,3
Flashy-Brain,3
intrigue-bliss4331,3
dailymail,3
Covidicus_Vaximus,3
Tiny-Wheel5561,3
BiggieTwiggy1two3,3
magneticanisotropy,3
FerretOnReddit,3
bigelow6698,3
APerspicaciousHuman,3
GothamistWNYC,3
bronzewtf,3
inthesinbin,3
Healthythinker99,3
johnnierockit,3
Orbitingkittenfarm,3
feed_meknowledge,3
karoelchi,3
Suspicious-Bad4703,3
BrandDC,3
MikeyPh,3
SuchDogeHodler,3
KarlaSofen234,3
browncharlie1922,3
Complete-Captain2211,3
Kir3ji,3
ctolsen,3
ApprehensiveMap8875,3
CaulkSmooch,3
ZampyZero,3
DomLaf,3
pajaro_nalgon,3
Sad_Ad592,3
MagnetoWasRight1312,3
akejavel,3
Holiday-Ad8875,3
WolfedWhale,3
Gene-Omaha-2012,3
sabate,3
HeavenlyPossum,3
SevereCommittee82,3
zerooskul,3
ArielofBlueSkies,3
curvesandnerds,3
godzillavkk,3
Alexius_Psellos,3
Herefourfunnn,3
unclejedsiron,3
9-NINE-9,3
Advanced-Hat2338,3
Firedup2015,3
sgtbluefire77,3
albuza,3
sugnimmingus,3
Imaginary-Candy7216,3
AustmosisJones,3
0i_ix,3
filthyhippie76,3
EpicesPotato,3
fryedmonkey,3
Ok-Instruction-3653,3
obiemann,3
cumminginsurrection,3
Naurgul,3
Hentailing,3
Anarcho_Humanist,3
rockthatrocks,3
fedsmart1,2
Prudence_Godwin,2
HRobs256,2
SimplyUnreal,2
Mmmm75,2
IgnoreThisName72,2
TheSittingTraveller,2
Right_Independent_71,2
SignificantSnow1348,2
Tasty_Finger9696,2
Zealousideal-Top-958,2
CO_Renaissance_Man,2
JJSeaweed,2
Randomreddituser1o1,2
begin2,2
West_Pomegranate_399,2
Interesting-Guest246,2
the-unwritten,2
FlyFit9206,2
adamr_,2
Suspicious-Tap2327,2
Odd-Sir-3070,2
Atomm,2
Wrong-Ad-1921,2
Desert_Coyote99,2
Many_Security4319,2
parakeetpoop,2
JuhpPug,2
DeepThinker246,2
Bill-The-Autismal,2
LakeLoverNo1,2
Human_Ork,2
ownlife909,2
Infamous-Echo-3949,2
19thnews,2
ChilaquilesRojo,2
PM_THE_REAPER,2
liam-oneil,2
noone1968,2
Rsstywh,2
RebelGrin,2
overide,2
Witty_Heart_9452,2
icey_sawg0034,2
Tazionuvolari1992,2
veganarchistxxx,2
snarky_spice,2
Senzo__,2
humanispherian,2
TheKeyIsUnderTheMat,2
OwlfaceFrank,2
strange_stairs,2
The_Slaughter_Pop,2
Content_Ad2226,2
josh_bisig,2
NoImporta24,2
SlightWerewolf4428,2
Top_Lime1820,2
Better_Flow8952,2
trombonist_formerly,2
Jibrish,2
Bhartrhari,2
Mindless-Rutabaga-79,2
Various-Professor551,2
Douhg,2
RNW1215,2
Peter_Lemonjell0,2
West-Code4642,2
Dandan0005,2
DEI_BombDefuser,2
LordRage2,2
No-Explorer-8229,2
idk23876,2
DogeDuder,2
NoGoodAtIncognito,2
karina_thornton,2
SCOTUSjunkie,2
Swimming-Purchase-88,2
Amazing_Egg7189,2
Powerful_Ad_7881,2
Maleficent-Debt-9943,2
photoshproter,2
jt7855,2
shadowsipp,2
NaughtySketchArt,2
J4ck13_,2
knutterchini,2
Sparemelove,2
nostaticzone,2
tacocookietime,2
Mean-Mechanic-5947,2
No_Author_9683,2
hi8080,2
suziespends,2
Longjumping_Gain_807,2
DanAdamsShow,2
Celebril63,2
Purple_Bend8151,2
Yacht_Taxing_Unit,2
Currymvp2,2
baileyyxoxo,2
sgt_happy,2
Busta_BloodOmen,2
juliusnvincevega,2
Lucky_Strike-85,2
andyjmart,2
Crazy_Explosion_Girl,2
strat1984,2
usrname42,2
ThatFireDude,2
Fair-Economist-7773,2
WandangleWrangler,2
hodgehegrain,2
DoyleBrunson582,2
Professional_Sky8697,2
Juract,2
BenevolentAnonymity,2
Here-Together,2
BadJeanBon,2
efeldman11,2
Australianfoo,2
mattyjoe0706,2
DullPlatform22,2
aesthepodcast,2
loyaltodark,2
ThaPerseverant,2
CaptPotter47,2
TolaRat77,2
Enter_Evolution,2
SpeeedyDelivery,2
That_Pay2931,2
GonzoVeritas,2
mounteverest04,2
statnews,2
Jay_CD,2
tsdguy,2
AceTygraQueen,2
MaximusDM22,2
RedX2000,2
TheSensualPencil,2
redder_ph,2
Effective_Salad_8381,2
statenislandadvance,2
Teacher-Investor,2
Perfect_Phrase_4334,2
Maxcactus,2
mwkingSD,2
Harrygohill,2
Big_Statistician2566,2
rayvenLunatic,2
CuddlyWuddly0,2
harsh2k5,2
cuspofgreatness,2
ForisForis,2
theindependentonline,2
kinshoBanhammer,2
Positive_Owl_2024,2
Comrade_Rybin,2
My1Thought,2
AndroidOne1,2
Prestigious_Pack4680,2
Interested_in_cells,2
GregGraffin23,2
jefuchs,2
snottrock3t,2
CBSnews,2
anythingMuchShorter,2
JannTosh50,2
WaytMen26,2
brave_plank,2
GlassAd4132,2
BelleAriel,2
1pastafarian,2
Stonecutter_12-83,2
oldguy76205,2
Fatimamohammadi_,2
true_enthusiast,2
the_mist_maker,2
Lizrd_demon,2
Th3MexicanPower,2
OilPainterintraining,2
_whatisthat_,2
Trainrideviews,2
goyabean,2
SnoozeDoggyDog,2
IGottaKnit,2
vectorbes,2
Mother_Task_2708,2
thenewrepublic,2
Pristine-Surprise483,2
Beautiful_Battle6622,2
TSHRED56,2
HellYeahDamnWrite,2
bhexca,2
d00derman,2
thereal237,2
Lostintheair22,2
dannelbaratheon,2
ClassOptimal7655,2
KingBatman69,2
anstromm,2
Bladerunner2028,2
proudtohavebeenbanne,2
KathrinYTComrade,2
Glass-Cheesecake6230,2
Not_so_ghetto,2
CaptOblivious,2
American-Toe-Tickler,2
chrondotcom,2
Round_Skill8057,2
greysonhackett,2
ChampionshipNo5707,2
rdking647,2
thisisinsider,2
Acrobatic_Hyena_2627,2
ggbuttstead,2
irish_fellow_nyc,2
PuzzleheadedAsk6448,2
Eat_the_Rich1789,2
tomcat91709,2
Spotlight_James,2
bobAnddole,2
DrRubricArc,2
snowflakerepellent,2
AskandThink,2
FrameCareful1090,2
NotADirtyRat,2
No-Average-5314,2
Low-Zombie-8657,2
prar83,2
Kaylee0102,2
Worldly-Weather8214,2
kirby__000,2
PsychLegalMind,2
johnsmithoncemore,2
webguy1975,2
No_Meal_350,2
AlternativePlate7201,2
FrugaliciousEclectic,2
malcolm58,2
Visco0825,2
Horror-Dog4576,2
DrMisterius,2
VETEMENTScominsoon,2
RunDiscombobulated67,2
Jordan_WUSA9,2
Mr_Hungry4more,2
newnewengland,2
Lascivious_Art,2
Zero_Flesh,2
manoteee,2
brithus,2
TaylorSwiftian,2
Jessicas_skirt,2
AllThisIsBonkers,2
MrsBigglesworth-_-,2
rottingbitchh,2
Victob1,2
DecisionVisible7028,2
secondrunnerup,2
real_ikonn,2
JoeGRC,2
Conscious_State2096,2
WatchDog98,2
G0-G0-Gadget,2
bassistheplace246,2
TheRealLuckyBlackCat,2
Thangbrand,2
govols130,2
VuDuBaBy,2
JeromesNiece,2
upholdhamsterthought,2
NierTheEdgeRN,2
Rsaltori,2
uwillnotgotospace,2
StunningCoach4911,2
AlexWays,2
jbearclaw12,2
Balarius,2
fellinsoccer14,2
TwoBricksShort,2
SKTPanda,2
Anokiio,2
Maleficent-Elk-6860,2
jojisky,2
MadOblivion,2
Juicyjackson,2
p365x,2
FreeCelebration382,2
Smooth_Leopard4725,2
OhioRanger_1803,2
AdCivil7398,2
rosemaryrouge,2
Jacksharkben,2
gayroma,2
FeistyMeasurement579,2
Nice_Substance9123,2
Hoppy_Croaklightly,2
CriticalandPragmatic,2
Spoofy_Dangle,2
FroggstarDelicious,2
Acceptable_Team_9479,2
MathMan1982,2
FootFun1404,2
CallMeCraizy,2
Daddy_Macron,2
Stormy31568,2
HeroOfNigita,2
AgentR-gov,2
RocketSocket765,2
thenorthremembers110,2
joetaxpayer,2
JPAnalyst,2
TheCake4Youtube,2
BarrelStrawberry,2
ErockLobster,2
H-B-G,2
WAGRAMWAGRAM,2
TWOhunnidSIX,2
Poltophagy_,2
JoeyBagOWaffles,2
karim12100,2
datums,2
Flimsy_Reach_930,2
Zrk2,2
VillyD13,2
EpicThunderCat,2
superfakesuperfake,2
Vibranium2222,2
MoreFires,2
tm229,2
GelatoJones,2
arkatoz,2
Theinfamousgiz,2
BythelighthouseinDN,2
PaintedBillboard,2
redsunrush,2
Inside-Chip-7952,2
Sneaky_Donkey,2
Revolutionary_Way898,2
opheliainthedeep,2
M795,2
The-marx-channel,2
Unusual-Sir-4192,2
sleepinglucid,2
VarunTossa5944,2
Borysk5,2
sassyclassy117,2
BastianMobile,2
LargeBreasts69,2
mattpeloquin,2
RecommendationShotz,2
Intanetwaifuu,2
CuppieWanKenobi,2
brightcog1000,2
Kaizerdave,2
KrystalPistol,2
DarthPanda024,2
omnipotentsandwich,2
indigopedal,2
aparallaxview,2
College_Prestige,2
Help_Me____-,2
Less-Cap-4469,2
Pikamander2,2
Timely_Car_4591,2
Opposite_Public6428,2
TJ736,2
glasstwin,2
uelquis,2
NoOutlandishness3356,2
tomsussybi,2
theregoesfugo,2
MorphingReality,2
Cultural_Material_98,2
theboss2461,2
Calm-Pangolin6583,2
Unlevered_Beta,2
Dodge_Splendens,2
AntiBaghdadi,2
EffectiveCable9468,2
IGUNNUK33LU,2
truth14ful,2
Wandering_News_Junky,2
Cisco324,2
LF_JOB_IN_MA,2
Careless_Success_282,2
Lonely_Version_8135,2
LavaPlug4Bowser,2
Big-Investigator8342,2
jogarz,2
Greatgrandma2023,2
Upstairs_Cup9831,2
Cold-Priority-2729,2
TJKmain,2
Parking_Truck1403,2
Adventurous_Ad_2765,2
MrMockTurtle,2
bandkidirl,2
Floridaavacado74,2
Legitimate-Ask5987,2
CoolRepresentative65,2
jpcapone,2
LuckyStatistician144,2
CutePattern1098,1
PM_ME_YOUR_EUKARYOTE,1
Nuggetters,1
Waveofspring,1
The_Big_Untalented,1
filipe_mdsr,1
Avelion2,1
cyclinginvancouver,1
F0urLeafCl0ver,1
HowIsPajamaMan,1
PM_ME_UR_PM_ME_PM,1
iPoopLegos,1
AlexTheManV2,1
Wiffernubbin,1
QoiBoi,1
Blairite_,1
AutumnsFall101,1
BATIRONSHARK,1
recovering_achiever,1
Acoolgamer6706,1
ChaosCultistChampion,1
brashendeavors,1
neolthrowaway,1
bob_mcbob,1
Loud-Chemistry-5056,1
SantyEmo,1
NewMeNewWorld,1
SpiralArchitect_33,1
AlwaysRushesIn,1
urgirlariaaaaa,1
TbonerT,1
YesJeffery,1
Aigrou,1
svga,1
MilkCartel,1
northlondonhippy,1
femboy_theone,1
Pretend-Return-295,1
Shot_Independence274,1
UUtch,1
AshKetchumWilliams,1
WombatusMighty,1
Iman3477,1
Potential-Jury-3767,1
Main_Programmer8233,1
Rudenessoverlord,1
JuggernautNo4762,1
tyw7,1
Catto_Doggo69,1
MehEds,1
Monster11,1
rosscasa,1
hlary,1
HTWingNut,1
Eastcoastpal,1
AlexB_SSBM,1
Dense_Delay_4958,1
garg,1
Daniel_B_plus,1
scrandis,1
CoolCombination3527,1
doggo11234,1
Illustrious-Leg5906,1
CapitolHillCatLady,1
Hurtz123,1
Kevin-W,1
Aidosvonsexyman,1
calraith,1
redheadartgirl,1
Former_Stretch2503,1
BadSignificant8458,1
downsocial,1
LaserCondiment,1
onelap32,1
cramber-flarmp,1
NudeArtwork,1
KaiTheGuy144393,1
deadbeatseconds,1
Expensive_Read4205,1
NotA_Drug_Dealer,1
chadthewise,1
ConsistentStop5100,1
noodles0311,1
whiletrueplayd2,1
Metallica1175,1
theaceoface,1
samsom0053,1
Fuqtun,1
PM-Me-Your-Tits___,1
cumming_monk,1
Nerd-19958,1
planetaryabundance,1
mag-fed,1
Iapzkauz,1
Txur-Itan,1
No_Branch_97,1
AlianaEbony,1
Phatte,1
PM_ME_GOOD_FILMS,1
ISeentSomeShit,1
fdeeee34,1
SophieCamuze,1
Budget-Dot2061,1
elguiridelocho,1
FloridaGirlNikki,1
MC_Cuff_Lnx,1
davy89irox,1
MrMike,1
Appropriate-Humor-33,1
slowcheetah4545,1
slackpantha,1
BZ-AD,1
the-senat,1
Intelligent_Gur_8932,1
finnerpeace,1
peepeepoopooman76254,1
Bigcreeper01,1
rytis,1
Particular_Log_3594,1
TheKeyPa,1
rimRasenW,1
jrrrydo,1
Watching20,1
noodle_attack,1
Euphoric-World-8160,1
Jumpy-Interaction567,1
cccryptsss,1
jackbequikk,1
Botched_Lemon,1
tom90640,1
PandaMuffin1,1
Airella,1
IAmTheBlackWizardess,1
Enough-Bunch5396,1
taxi_man10,1
OkScratch8070,1
WorkingOnPPL,1
bigdoggydo,1
skolves,1
1260763616,1
sexyshadyshadowbeard,1
l2ksolkov,1
polandball2101,1
TheRedZephyr993,1
ZweigDidion,1
Unterfahrt,1
Moffload,1
Wallso2010,1
InverseNurse,1
VeryStableGuiness,1
Apprehensive_Lie302,1
modooff,1
Clairenator,1
VGAddict,1
emperorsolo,1
Juglioni,1
prajwas2004,1
PlayaSlayaX,1
nost76,1
Koszulium,1
dudewy,1
hollywoodraider,1
BlrSugarDaddie,1
selah228,1
scottosteen1554,1
ResponsibilityNo4876,1
toddymac1,1
Additional-Use-6823,1
DurangoGango,1
besselfunctions,1
Broken_segull,1
Gigabrain_Neorealist,1
MrStrange15,1
EdBoromino,1
Guilty-Relative-6264,1
Best-Addendum-4039,1
Romulus212,1
xington,1
EmperorConstantwhine,1
CJMcC18,1
seemefail,1
rniles,1
ParadeSit,1
SumTingWillyWong,1
Schiffy94,1
Altruistic-Square947,1
Godkun007,1
RevolutionaryBoat5,1
Graybeard_Shaving,1
gradientz,1
HenryGeorgia,1
Ok_Lettuce_7939,1
CrazyHimboIncubus,1
PrimarchVulkanXVIII,1
OutlawGalaxyBill,1
turb0_encapsulator,1
BookRat10001,1
news-10,1
rr215,1
Udolikecake,1
ghhewh,1
ModernArgonauts,1
PM_ME4DEADBRANCH,1
PM-ShriNarendraModi,1
TIYATA,1
myMadMind,1
Lelo_B,1
HammerJammer02,1
just_a_human_1031,1
Sai22,1
KNEnjoyer,1
lerph,1
ColdArson,1
YugiohXYZ,1
throwaway094587635,1
TheSlatinator33,1
Potential-Focus3211,1
HigherEntrepreneur,1
NeueBruecke_Detektiv,1
Blelvis,1
GogurtFiend,1
Thatirishlad06,1
caliberoverreaching,1
theosamabahama,1
Azarka,1
M_ida,1
dddd0,1
WavSword,1
Thousand55,1
lenmae,1
throwaway_veneto,1
Heimwee,1
DreadPirateZoidberg,1
shinybrighthings,1
nicklovettnz,1
Cowguypig2,1
NovelBrave,1
Ricesafely,1
BackgroundBig5870,1
McDowells23,1
Ajaxcricket,1
Miserable-Ad-6943,1
aUSBdrive,1
Diet_Fanta,1
PersuasionCommunity,1
Agreeable_Umpire5728,1
GMFPs_sweat_towel,1
spinosauris,1
BachelorThesises,1
vaccine-jihad,1
AmbitiousDoubt,1
altathing,1
LaurelLancesFishnets,1
Pyrrhus65,1
Cedric_Concordia,1
iamthegodemperor,1
meamarie,1
elkoubi,1
ArcaneAccounting,1
7-5NoHits,1
wombo_combo12,1
_antisocial-media_,1
indefilade,1
SomeDudeist,1
FLY-KAISON,1
Dirty_Chopsticks,1
nicethingscostmoney,1
dixie8123,1
General-Preference42,1
Barnst,1
Crystal_Art69,1
xXtoxictoiletbrushXx,1
Pornochimp,1
ItzTreeman23,1
EchidnaCold55,1
dep,1
drossbots,1
Swampy1741,1
Capital_Comedian_474,1
The_Shracc,1
Superior-Flannel,1
amainwingman,1
Healingjoe,1
BabyBear42069,1
Puppy_Liz,1
friskyluke,1
thefatalblow,1
hoot69,1
krustykrab2193,1
klaaptrap,1
gru-world-order,1
droidcheese,1
BenderFromBendingSt,1
Nijmegen1,1
MTabarrok,1
drumemusic,1
griffon666,1
wagoncirclermike,1
Putrid_Line_1027,1
jwinhd2,1
financeguy1729,1
Whitedudebrohug,1
Leading-Bug-Bite,1
ShillForExxonMobil,1
Interesting_Math_199,1
737900ER,1
ImmolatedChancla,1
Blackdalf,1
The-OneAnd-Only,1
HeadmasterPrimeMnstr,1
No_Attention_Span420,1
AIverson3,1
Zugg1,1
MoonInHisHands,1
Tetrior_Solice,1
kittycatpeach,1
MOSfitYT,1
Prestigious_Count880,1
hahahafam,1
FeartheSexyHotNoodle,1
NaffRespect,1
BigBadKord,1
Lumityfan777,1
boracay302,1
AnalyticOpposum,1
TechnicallydaTruth,1
DoctorWatson1975,1
Jimmothy_Dickerman,1
YoSoyGodot,1
Tro1138,1
Sixpacksack,1
Impatient_Optimist,1
SevenNites,1
Mattador96,1
RetainedGecko98,1
AccessTheMainframe,1
TurdCrapley23,1
solonofathens,1
theallroundermemes,1
MichaelEmouse,1
robertovertical,1
Critical_Key_7474,1
civilrunner,1
waterchestnutpie,1
Snowscoran,1
MagicalMagna,1
Similar_Pop9472,1
Rudy_Gobert,1
taken2300,1
sack-o-matic,1
KnightOfDoom22,1
caroline_elly,1
no-username-declared,1
jclarks074,1
BayAreaNewLiberals,1
JuneRunner11,1
bunnybunbunbu,1
WantDebianThanks,1
TracingWoodgrains,1
bruhlmaocmonbro,1
-TheKnownUnknown,1
itainthardtotell5,1
anangrytree,1
Umang_Malik,1
platinumstallion,1
Prior_Advantage_5408,1
Magical_Hippy,1
CactusBoyScout,1
weabooGodly,1
murphysclaw1,1
thebestjamespond,1
Joseph_K1920,1
UPnwuijkbwnui,1
Carteige,1
Key_Door1467,1
marylandjennava,1
MeetingCapital,1
itsquinnmydude,1
theranman3,1
miraisayonara,1
AntiFaqash,1
Iwill_not_comply,1
cugamer,1
Neoliberal_Boogeyman,1
ProcrastinatingPuma,1
Milk2Biscuit,1
TatersTot,1
MonsoonalRat,1
Specific-Menu8568,1
jbouit494hg,1
dvdcrlsn,1
DougosaurusRex,1
goonin-it-up,1
E_Cayce,1
jatawis,1
Effective_Macaron_23,1
Psshaww,1
jpenczek,1
Spartacus_the_troll,1
MeringueSuccessful33,1
MegasBasilius,1
Diocletian335,1
Dazzling-Holiday-359,1
quillua0,1
modularpeak2552,1
I_like_maps,1
clofresh,1
drearymoment,1
scoots-mcgoot,1
PM_ME_KIM_JONG-UN,1
Economy-Platform5740,1
A_Clipboard_Orange,1
tyontekija,1
tyleratx,1
launchcode_1234,1
Butteryfly1,1
NotAnotherFishMonger,1
creaturefeature16,1
thatsmysandwichdude,1
Far_Mathematici,1
bububutt,1
pgold05,1
thepirateninja132,1
Watchung,1
ThePevster,1
2024-2025,1
NATO_stan,1
Splemndid,1
Juan_Solooo,1
KAGFOREVER,1
Turkey_Fateweaver,1
MrDannyOcean,1
Street_Exercise_4844,1
CSachen,1
SassyMoron,1
CoffeeOpposite8811,1
JulioMugnol,1
YaGetSkeeted0n,1
zzztarsis,1
empvespasian,1
Cynical_optimist01,1
SexyCurvyLines,1
Nairda-_-,1
ForeverAclone95,1
MarioTheMojoMan,1
JonDragonskin,1
John_Maynard_Gains,1
Mr_Stitch,1
Euphoric-TurnipSoup,1
limpforks,1
LightningSunflower,1
Tofushopdriftin,1
backdoor-access,1
markelwayne,1
OutdatedMage,1
alpaca-the-llama,1
Stock-Tackle-9347,1
ExpandThePie,1
TomboyAva,1
ConnectAd9099,1
LosIsosceles,1
Plaatinum_Spark,1
CaptainCanuck93,1
FLTA,1
GotSumDuk,1
Wise_Property3362,1
KurtFF8,1
viodin228,1
MulberryNo6957,1
Wolfie-Woo784,1
Old-Wolverine9377,1
itsaride,1
ExtensionWorldly3291,1
maximus_the_zek,1
_7-_-7_,1
AbstractMichael,1
No_Honeydew9251,1
Real_Human_8650,1
ShitFacedSteve,1
cutiepegion,1
Thin-Entrepreneur527,1
Agitated_Structure63,1
DisplayAmbitious170,1
oq7ster,1
Practical-Main9162,1
quality_yams,1
AgencyPrevious3507,1
Otroscolores,1
Capable-Sail-9712,1
Significant_Diet_241,1
academicaresenal,1
Wob_Nobbler,1
7x1e,1
b01sh3v1k,1
r00st3r_sNuff,1
ManOvercomingHimself,1
Neat_Building7988,1
BennyL1986,1
Waste-Ad-6151,1
WhiteRob37,1
FixPlastic3878,1
theDeuce,1
abbalover420,1
Quick_Builder_9225,1
unbiased_lovebird,1
Pussyslayer8080,1
Slippy55555,1
basicallytouche,1
Beterology,1
Short_Explanation_97,1
Skwarken,1
Minitrewdat,1
ChewiesLipstickWilly,1
Howling-wolf-7198,1
Postforming_,1
AbaixoDeCao,1
IR1SHfighter,1
stanko0135,1
mendobot1912,1
New-Barracuda-571,1
Significant-Owl3021,1
Uncle_owen69,1
ImABadSport,1
AbortimusTheExiled,1
SomeEntertainment128,1
DreemyWeemy,1
PhysZeke,1
sandy_cheex,1
Mxsuri,1
QofteFrikadel_ka,1
Hennawy99,1
Combefere,1
AbroadWeak,1
Lockecito,1
awesometotallydude,1
frank_da_tank99,1
Colonel__Kuratz,1
lost_mah_account,1
-Konrad-,1
NordMan009,1
PlasmaSpaz64,1
RoughRoundEdges,1
KaseDeSera,1
f0rever-n1h1l1st,1
KingXerxesII,1
Weak_Suggestion_1154,1
chi_minhs_hoe,1
MrSkeltalKing,1
nullighborhood4520,1
thijshelder,1
Both-Drama-8561,1
Educational_Trade235,1
wook597,1
gg0idi0h0f,1
UMDSUCC,1
redstarrealll,1
BigTimeSocalist,1
AlexanderQueen,1
firerobin88,1
Frosty-Meet6245,1
carrero33,1
Dinnaspirina,1
TraditionalPop7683,1
JohnMayerCd,1
clbcarman,1
LancaLonge,1
andi2504,1
ismail_the_whale,1
aliengenderbender,1
UberAva,1
MammaCat22,1
Ancient-Tomorrow-612,1
Ambelgi,1
Low-Function-1696,1
Brilliant-Donkey5155,1
NocturnalIllum,1
jtob303,1
Bolinas99,1
FernandoMachado,1
Just-Arm4256,1
CrazyStarlight,1
NoAcanthisitta3968,1
CRLA2024,1
redditborkedmy8yracc,1
whoamisri,1
johnnys1lverhand_,1
Whinfp2002,1
Dadballoons,1
Least_Supermarket_67,1
zepong,1
CuriousHo3Down72,1
One-Risk-5520,1
SnooFloofs6432,1
lenin_beard,1
GoodGameReddit,1
JamsWithJoseph,1
Bilingual_Bi_Cyclist,1
Formal-Pilot7014,1
Fun_Jellyfish_4879,1
ImaginaryEnemy1385,1
kakamimaoist,1
zingis75,1
Henry-1917,1
Flucuise,1
secretgrim1917,1
david91722,1
theonebefore_,1
girlplaysguitar,1
Mysterious-Clock-594,1
volta-guilhotina,1
Commercial-Hat-754,1
Despail,1
LigmaLover56,1
bijhan,1
LiteratureMountain66,1
New-Presence3476,1
confusingwaterbottle,1
nerd866,1
wheimbach,1
Jazzlike_Spring_1898,1
AdhesivenessEven7287,1
LordovVengeance666,1
yo252yo,1
zassy2,1
maomaochair,1
TheJorminator96,1
Zealousideal_Art122,1
Fantastic-Daikon4577,1
CaptainCat69420,1
RezFoo,1
Busterlimes,1
mrjohnnymac18,1
IbrahimKorkmazD,1
Ed_geins_nephew,1
AcornElectron83,1
Previous_Moment_1307,1
Black-strap_rum,1
LasBarricadas,1
1fluor,1
WillGooseinger,1
KimKitsuragii,1
Trap_Ritual,1
TeamClutchHD,1
SecReflex,1
drbirtles,1
AkatoshChiefOfThe9,1
Future_Minimum6454,1
puzzleheadv,1
Edb0t-80,1
Maleficent-Stop-4826,1
Yuriswe,1
Deep-Impression-7294,1
urfatbro,1
CharmingWin9204,1
Flashy-Actuator-998,1
DerElrkonig,1
IntelligentHat8666,1
living_alien,1
Naive_Equivalent_738,1
squiddy-19,1
SensitiveAries,1
dysonsphere,1
alexbodebito,1
One-Firefighter-6367,1
FeelingMassive,1
Baruikai,1
Street-Appearance-70,1
Intelligent_Flan_178,1
austinxwade,1
TheYellowBicycle,1
PieterSielie6,1
WildeNietzsche,1
Thenearhorizon,1
StevenYvan,1
Outrageous_Farm_9496,1
Alarming_Rutabaga,1
Brilliant-Quail2057,1
lostwaspnest,1
northernlake926,1
Call_It_,1
ExamBusiness5970,1
RefusedH,1
LiberateTheSouth,1
sethandtheswan,1
shreyaspandit,1
SurrealistRevolution,1
Barnesnrobles17,1
lemoncardboard_44,1
JoshuaStarks2,1
Pogchamp233,1
Tedwardy,1
notaveragejo,1
DragonFoolish,1
sekaifutari,1
bigboipapawiththesos,1
welcometotheTD,1
NovumNyt,1
SouthMouth79,1
paudzols,1
Peespleaplease,1
What_is_society_now,1
adam_barghouthi,1
Ablaa_,1
radish-slut,1
vivalulaedilma,1
squashedp0tat0,1
Timely_Search5854,1
HayleyRose00,1
TopProfessional8023,1
djflylo69,1
eq_8,1
Cuddlebug_12,1
SwissMapper,1
future_histories,1
bcdaure11e,1
Ok-Sheepherder-5135,1
Apart_Distribution72,1
EnthusiasmSalty2067,1
Lopsided_Rush3935,1
ChainArtz__,1
Powerful_Flamingo567,1
queenofspidors,1
LWK10p,1
Flagmaker123,1
Agrarian_1917,1
DonnyV7,1
load1991,1
Idle_Redditing,1
HeraWC,1
Bjork-BjorkII,1
MycoEngineer,1
FU-5p3z,1
mikesartwrks,1
kon_sy,1
Holiday-Economist526,1
sydneyxzee,1
Tough_General_2676,1
pestilenceinspring,1
Boh9889,1
AdamBandtxx,1
AncientThrowaway777,1
karma9229,1
jpegvillain,1
Charles-Joseph-92,1
inside2000official,1
LoveDry5370,1
Electrical-Strike132,1
MadamXY,1
HoraceIG,1
bitter_sweet-,1
nicks226,1
Muted_Ant5795,1
Legohyun3197,1
Strong_Copy_6245,1
Puzzled_Cherry_5613,1
TheChairmansMao,1
SaltySoupie,1
theguywhorhymes_jc,1
WillingnessIll6391,1
Tolkin349,1
HorrorRole,1
Ok-Blood9309,1
One_Man_Riot_,1
Logical-Effective833,1
biggiepants,1
_trust-the-process_,1
Upper_Owl3569,1
readyjonah,1
Revolutionary_Web964,1
AdventureBirdDog,1
Mykumn,1
Br4nn1n,1
Lilyo,1
Enocli,1
bitchesbrewmarx,1
YogurtclosetNo6819,1
at-pyrix,1
kamdragon0909,1
CondensedMonk,1
alkemest,1
Few_Supermarket1022,1
lev00r,1
totaliberation,1
Big-Mountain-9184,1
Lost-West8574,1
newoke,1
GraciousLittleMan,1
xwazot,1
xavigames2010,1
everquixote,1
BigBadTony96,1
MaintenanceOk9052,1
jmac_1604,1
BatAccomplished5151,1
LennyTheOG,1
slickduceman,1
aingosay,1
Medical-Gain7151,1
mahavir_sinh24,1
itpulledmebackin,1
codfishcakes,1
_Xam123_,1
KwenSheq,1
Stop_Fakin_Jax,1
blockbusterbabe,1
No-Edge-8600,1
Appropriate-Sink-461,1
No-Silver826,1
MaltoseMaltase,1
Zeddo52SD,1
TheNewYorkSun,1
ClusterFugazi,1
politico,1
brodie1600,1
Acrobatic_Block_9840,1
RazzzMcFrazzz,1
FreshFoxOfBelAir,1
Rosieipoo51,1
WhatDoYou_WantFromMe,1
ReaderBeeRottweiler,1
feraxks,1
IamEpiblast,1
newsweek,1
Hiversitize,1
MrDonMega,1
optimalg,1
VaporeonInABlender,1
Objective_Light_8951,1
nahn00m,1
EmployOne8739,1
NextDoctorWho12,1
LuklaAdvocate,1
LadyduLac1018,1
throwuk1,1
sdcfc,1
Genoss01,1
ChiefFun,1
Just-Sale-7015,1
ipub,1
Xenon1898,1
Minecraftien76,1
fungussa,1
Clear_Echidna_2276,1
Comprehensive-Wave96,1
LongDukDongle,1
kingnerd1994,1
CarrieDurst,1
Pasivite,1
divadschuf,1
Harry-le-Roy,1
BootyConnoisseur94,1
propublica_,1
AYasin,1
Willing_Tadpole_1546,1
FreeChickenDinner,1
Optimal-Kitchen6308,1
Rudiger,1
cnn,1
letsgetthisbovis,1
PM_ME_MTG,1
brianh5,1
Sandee2772,1
Zen1,1
assassin-ulimate555,1
GreshlyLuke,1
d0pefish,1
randomnighmare,1
Lantis28,1
OptimalAd3007,1
doopityWoop22,1
Kickinitez,1
mom0nga,1
S_CO_W_TX_bound,1
GrowLapsed,1
Curious_Suchit,1
_May26_,1
chagall1968,1
xc2215x,1
veryirishhardlygreen,1
GoodMornEveGoodNight,1
joshys_97,1
McKoijion,1
AtreyaJi,1
TeaReim,1
Past_My_Subprime,1
Pwaully,1
GuzmyKawaii,1
Vslacha,1
nerphurp,1
skythepup0117,1
Ananiujitha,1
sedatedlife,1
Creative_soja,1
bradicality,1
Libinha,1
audiodrone,1
throwaway2015ta,1
zubbs99,1
Key-Alternative5387,1
Professor_Voodoo,1
unreqistered,1
BBBWare,1
ferngully99,1
dn88,1
ElijahPepe,1
novel-boi,1
We_Print,1
Subject-Gap1972,1
elibryan,1
wizardofthefuture,1
TubbyPiglet,1
k-devi,1
shoofinsmertz,1
stasi_a,1
Old_Collection_3924,1
neotheseventh,1
blindgal001,1
Klutzy_Journalist_36,1
AbolishDisney,1
OtpyrcLvl1,1
Planet_Salesman,1
OregonTripleBeam,1
imanadultok,1
Elike10,1
Dovah-Keane,1
TheAnswerWithinUs,1
AlDente,1
DomesticErrorist22,1
Mayaforfun,1
monocle984,1
rapidcreek409,1
thehill,1
abdask,1
T_Shurt,1
Murderhands,1
IntelligentCat8932,1
Navetoor,1
jobafett1,1
RepublicIreland,1
jmakk26,1
Kingofearth23,1
StoneyThePlant,1
Flower-Immediate,1
bconley1,1
KnownAd523,1
RobAbiera,1
BlankPoet88,1
SplattyFatty_,1
neazwaflcasd,1
Beo1217,1
AceMcLoud27,1
vreweensy,1
Shogouki,1
Rambos_Magnum_Dong,1
ure_not_my_dad,1
esasongs,1
failwnocause,1
DontFearTheCreaper,1
DipperJC,1
Devast73,1
NoYouTryAnother,1
pizza_lover229,1
toshii1ro,1
YesNo_Maybe_,1
BlueGoggles,1
RecursiveSubroutine,1
AngelaMotorman,1
reporterreporting123,1
DevoidNoMore,1
Internal-Weather8191,1
Such_Crow8542,1
Character-Ad-7000,1
myriclisselle,1
shaiizan,1
VaguelyArtistic,1
RoughWestern9152,1
syracusedotcom,1
meltingsunz,1
Omni-banned,1
OutdoorLifeMagazine,1
Gavel_Guide,1
Deedogg11,1
sheisthebeesknees,1
itstherizzler96,1
Charming_Proof_4357,1
DifferenceAlarmed45,1
1900grs,1
fantasyfootballthrow,1
Rocco_N,1
Sachyriel,1
Newscast_Now,1
h2f,1
SuccessfulNews2330,1
adham7897,1
UGMadness,1
P_a_s_g_i_t_24,1
Clear-Example3029,1
bluekkid,1
Holly_Goloudly,1
understandoverstand,1
737MEX,1
Jazzlike_Schedule_51,1
BabesRuthless,1
UnicornOnTheJayneCob,1
One_Ambition_5281,1
captainsparkspeaks,1
Classic_Advantage_97,1
MageRonin,1
jimmyhoffasbrother,1
CivicSensei,1
arbr0972,1
_lapetitelune,1
mshaefer,1
OutragedLiberal,1
MultiTesseract,1
chpbnvic,1
divoxx,1
Kind_Access_9854,1
BertramPotts,1
blurmageddon,1
manbeqrpig,1
LovedByCreators,1
Smooth_Record_42,1
Sklic,1
FuckReddit5548866,1
thebossisbusy,1
Marcot19,1
Independent-City7339,1
mrbigtent,1
RedtrogradeYT,1
One-Reality4066,1
GreenEmployee9756,1
Same-Emotion-4948,1
Leading-Professor-43,1
deadmanshuffling,1
WestTemperature2724,1
ImmediateWalk9989,1
Solitaire-06,1
SupremeSoviet1917,1
sleepytipi,1
LuisCaipira,1
InevitableRespect584,1
pharodae,1
Chrisboy265,1
bittersweetslug,1
marglebubble,1
tomthebomb246,1
PoorClassWarRoom,1
pasquines,1
Dry_Independence8406,1
BioDataBard,1
OdeeOh,1
LouBiffo,1
quantumquinoa,1
Suitable-Figure-2730,1
Kateshaian,1
therealest411,1
Strange-Intention-45,1
Jolly_Pound_7146,1
No_Carpenter3031,1
Ok_Relief7546,1
1carcarah1,1
lev_lafayette,1
Which-Revolution8765,1
SparkySpark1000,1
roytay,1
Friedrich_Engels_,1
Specter451,1
tonyt4nv,1
duderos,1
bummed_athlete,1
wanda999,1
7steamer7,1
Fabulous-Page-1928,1
MagicBingo,1
Texas_Monthly,1
Mront,1
ultramisc29,1
TaoJones13,1
PunfullyObvious,1
annemoriarty,1
FlimsySheepherder,1
Albion_Tourgee,1
chinagirl1022,1
wat_is_cs,1
HealthyMolasses8199,1
Shmuelosson,1
Virtual-Orchid3065,1
semafornews,1
Globalruler__,1
justalazygamer,1
ChatoChato,1
Houseleek1,1
Pro-editor-1105,1
TheRealMasonMac,1
KLAW11,1
SamMac62,1
invertedspheres,1
BADMONRISING,1
ddx-me,1
AssistantStraight983,1
ha1029,1
promocodebaby,1
katalysis,1
fortune,1
Electrical-Meat-1717,1
swmccoy,1
NuChallengerAppears,1
ChocolateTsar,1
Ixz72,1
chalkbeat,1
state_of_euphemia,1
ScythianUnborne,1
SicilyMalta,1
beccaface,1
clevelanddotcom,1
marchiano24,1
Darth__Vader_,1
Logical_Parameters,1
Last-Kitchen3418,1
Kinmuan,1
aldotcom,1
I_saw_Will_smacking,1
bloombergopinion,1
trueDependent5339,1
Last_Lonely_Traveler,1
Toyotacamryenjoyer,1
Crunchyreads,1
crom-dubh,1
highangryvirgin,1
oresearch69,1
ClydeFrog1313,1
GreaterMintopia,1
Ok_World_8819,1
MLPorsche,1
GBSEC11,1
PresidentSpanky,1
ecswag,1
rikosxay,1
Agreeable-Rooster-37,1
AdvocateDotCom,1
tehbowler,1
FootballPizzaMan,1
grayfox0430,1
topJunkYardDog,1
SpicypickleSpears,1
jewish_insider,1
Dtstno,1
vanityfairmagazine,1
PassiveRoadRage,1
Zargoza1,1
like-humans-do,1
mtldude1967,1
TjStax,1
Dwman113,1
CollabSensei,1
Antrisa,1
ReviewEven3945,1
Coven_Evelynn_LoL,1
eddie_chedder,1
PineappleNeither3200,1
dontgetsnippy,1
rigorousthinker,1
Dual-Vector-Foiled,1
johnjamesr,1
Trent1667,1
Fuzzy_Instance1,1
Nu11us,1
ZadrovZaebal,1
olyrobb,1
Real-Focus-1,1
Unlucky-Prize,1
Maleficent_Money8820,1
Legal_Ad5412,1
FactsOverSpin,1
Exciting-Feeling8247,1
USAFGeekboy,1
J3wb0cca,1
Reddit03012004,1
TwoInevitable4643,1
JdubsTheGreat,1
vdavidiuk,1
StatusGear1260,1
saadbibi,1
Delta-Tropos,1
murmanator,1
earlesj,1
AntonMaevski,1
kyla619,1
bearcatjoe,1
taylorwmj,1
MadGobot,1
wkramer28451,1
Dependent-Aside-9750,1
bw2082,1
Prize_Succotash_7800,1
RedditPoster05,1
Any-Attorney9612,1
AnomLenskyFeller,1
Foreign-Policy-02-,1
Redwhat22,1
ancienteggfart,1
Wanderingsmileyface,1
MajorDickieSmalls,1
Superb_Cat_7059,1
CryCryandCryAgain,1
kyransparda,1
RingOwn2952,1
EmergencyNo4209,1
craig_52193,1
Head_Estate_3944,1
Thievousraccoonuss,1
WouIdntYouLike2Know,1
US_Highway15,1
deciduousredcoat,1
SpikyBalloonAnimal,1
chances906,1
CarbonTail,1
UltraAirWolf,1
Some-Technology4413,1
garretnichols,1
Hellionprime,1
Lionheart_Lives,1
Commercial-Base1296,1
PD216ohio,1
GingeryApple7272,1
Current-Resource8215,1
SurveyMelodic,1
majr02,1
Jmarseilles,1
busch_lightyear1,1
JustAGuyNamedAJ,1
SlartibartfastMcGee,1
CartridgeCrusader23,1
baseball_Lover33,1
Next_Engineer_8230,1
Costanza2704,1
Most_Tomorrow_1053,1
Unlikely-Low9351,1
Inevitable-Twist1232,1
Cyber_Blue2,1
Fishingforyams,1
PJS299,1
EQ0406,1
Yo_get_off_my_Dak,1
North_Consequence644,1
barepixels,1
FrankTheTnkk,1
Inside_Bluebird9987,1
ADavidJohnson,1
Alarming_Maybe,1
NapalmTrenchFougasse,1
Eurasian1917,1
pirateclownpunx,1
0neDividedbyZer0,1
arcowank,1
Forsaken_Map,1
stargazerfish0_,1
OneMoreTime9900,1
thatjoachim,1
Coldmaster99,1
JudahPlayzGamingYT,1
Vegetable-Pop-2877,1
Sisyphus95,1
bugsbunye,1
felharr,1
Soymilk_Gun420,1
Grassidius_Fike,1
NoTePierdas,1
ConorKostick,1
Pretend_Slip3459,1
ballinthebubble,1
FonkinWitDaMac,1
facePlantDiggidy,1
chronically-iconic,1
Excittone,1
CockroachNo4178,1
AlexandreAnne2000,1
Harry_Darrow,1
Neko-tama,1
KakoTacoWacko,1
Housing_Justice,1
TheBreadRevolution,1
AxiomC,1
Apprehensive_Job7348,1
disqersive,1
LucianoLetsLose,1
Coffee_and_cereals,1
voiceunearthed,1
Qdothms,1
killevilfoetus,1
jendestan,1
ansyhrrian,1
pickeraparter,1
emotionalemesis,1
Jacky0wl,1
Chick-fil-A-4-Life,1
songsofadistantsun,1
Mission-Blood740,1
obamalizard2004,1
Tweedledee72,1
ullrs_bow,1
KudzuGrowsOnOurBones,1
Sawbones90,1
Fragrant-Meeting-421,1
Sweet-Ignition,1
ConversationEven8915,1
Jay_Diamond_WWE,1
Dentata_,1
AcornToOak,1
eschwifty,1
Gulf_Coast_Lion,1
EmergencyWitty769,1
Walkdog1America1,1
Beautiful_Freedom_97,1
El_Gringo_Chingon,1
FruitSila,1
ChichinOfficial,1
RoxanaSaith,1
Pete0730,1
Coolfez_,1
PercentageFlaky8198,1
maiinmay,1
bilbobagginspipeweed,1
Ok_Role8990,1
Natural-Link-9602,1
ChemistrySpecial8857,1
Anarchy_Coon,1
PortCityBlitz,1
monsantobreath,1
Szpoti,1
FalleenFan,1
hell0kittyautism,1
Darth_Neek,1
cringecitycircuit,1
Dunkmaxxing,1
johnblack1789,1
MutedShenanigans,1
Present-Job-7918,1
StudentOfSociology,1
Low-Low3624,1
anadayloft,1
RedditUser19984321,1
Repulsive-Virus-990,1
med-spouse,1
JeanParisot,1
AideInternational912,1
Educational-Pride104,1
Smart-Register1460,1
gimmedome,1
Good-Biscotti-3607,1
TheRealAuthorSarge,1
keephoesinlin,1
Early-Tourist-8840,1
BlahblahOMG60,1
Rauk88,1
OctaviarNR,1
Mean_Wear_742,1
Markinoutman,1
Linuxthekid,1
Loud-Session2543,1
SayNO2CAMELABUSE,1
K-Dog7469,1
ExoticSwordfish8425,1
Career-Acceptable,1
HeReallyDoesntCare,1
snipe320,1
joesdomicial1,1
Probate_Judge,1
Indigo_Eyez,1
CSGOW1ld,1
sfnative1957,1
Critical-Spinach-1,1
Andorion,1
Critical_Concert_689,1
CrabVOM1T,1
pope307,1
mm3873,1
mdws1977,1
Jazz567,1
Uffizi_,1
Paws_4_Hands,1
sportsntravel,1
Vessarionovich,1
TheTelegraph,1
JourneyToLunarAdmin,1
inafis_,1
Clackamas_river,1
delusionar,1
TheBearJew963,1
MidwestRacingLeague,1
Wing_attack_Plan_R,1
_philia_,1
Mysterious_Main_5391,1
Cold_Relationship_84,1
EducatedVoyeur,1
SoloSierra,1
Shoddy_Ad7511,1
Thecatnamedgary,1
Gilti_Bobcat,1
Junior-Mess-898,1
SS2907,1
Upbeat_Respond9250,1
Das_P0pE,1
PotatoManDan69,1
true_North_360,1
Interesting-Emu-7527,1
Scheann12,1
TheDrunkardsPrayer,1
Killie11,1
Tydyjav,1
JimStarfield,1
kosieroj,1
greyoil,1
TheVREnthusiast2,1
Tarfcharf,1
JTNotJamesTaylor,1
fordr015,1
Zulanjo,1
truth-4-sale,1
PlymouthSock,1
One_Fix5763,1
FortunateHominid,1
Aggravating-Guest-12,1
thorny91,1
ShpaghettiShpaghetti,1
kojitsuke,1
u2263394mvrhtnet,1
Agile_Swordfish2762,1
_codeJunkie_,1
TheUplifted1,1
aria___51,1
theotherhigh,1
resoluteindifference,1
Political_Psych,1
mike_gundy666,1
hungrychopper,1
generic-american55,1
VaderEternal,1
Last-Shoe-4971,1
TalentedStriker,1
Terrasmak,1
Ok_Owl_7372,1
FLA-Hoosier,1
Bamelin,1
AcornTopHat,1
ThePoliticalHat,1
intelliflux,1
SmarterThanCornPop,1
Rubentraj,1
Additional_Spring629,1
Choice_Housing_8012,1
DareElektra,1
Neeoun,1
Ordinary_Gap623,1
Perplexed_S,1
MurkyThrowaway69,1
Bible-and-brews,1
doozen,1
OriginalTKS,1
Automatic_War_3052,1
Low-Win-6699,1
kismettized,1
BigGator5,1
Swampertman,1
Perfect-Nebula8894,1
SneakyStabbalot,1
Lonestar_Fox_Butt,1
kellstheword,1
SiiKJOECOOL,1
RockChalk9799,1
farcealarm,1
ehbowen,1
Antjel_1,1
midazolamjesus,1
Miserable-Two6633,1
CamoAnimal,1
Perfectsaturn47,1
ObjectiveJackfruit35,1
skarface6,1
BruceCampbell789,1
SleekFilet,1
Budget_Package_4584,1
cruiser-bazoozle,1
Ok_Leadership4968,1
FeistyTicket7556,1
Quarkandbarrel,1
lanasuna,1
TexBourbon,1
ChirrBirry,1
BigGreezyBreakfast,1
_-stuey-_,1
Semour9,1
samaugust101,1
Certain-Monitor5304,1
_That_One_Fellow_,1
grey1021,1
Dignandingo,1
Baptism-Of-Fire,1
Ok_Lavishness_4218,1
Negative-Put-7638,1
Holiday_Chapter7489,1
MundaneImage13,1
Christianity-Forever,1
No_Will_8933,1
Open-Contribution179,1
Straight_Sorbet6218,1
CreativeWriter1983,1
Wesdawg1241,1
Straight-Ad5994,1
Henry_OLoughlin,1
masspromo,1
Great_Elephant5041,1
OkPossible361,1
RabiesR_Us,1
pescado01,1
tuvda,1
MerelyWhelmed1,1
voneric990,1
Kitchen-Spinach-9702,1
Interesting-Bottle-4,1
Awkward_Young5465,1
komatsu-D355a,1
JohnnyGoodtimes0754,1
FrankieColombino,1
SirOhmsAlot,1
Sudden-Training-5567,1
clisto3,1
Confident-Count-9702,1
Taiyounomiya,1
Insanely-Mad,1
Thebackbone12,1
TrickyFuture101,1
Any_Introduction1324,1
OkUmpire4235,1
anon4747583,1
mamalona4747,1
TomsCancer,1
snifferpipers,1
Kcufuoyyhcrana,1
CajunLogicalEthics,1
chaotiw0rm,1
hangnail-six-bucks,1
NewTrainOfThought,1
false_Cream_5453,1
clarkky55,1
DangerousGain1939,1
Ancom_Acab_987435987,1
sid-research,1
King0fDairyQueen,1
justababydontbemean,1
Buffaloney84,1
yourupinion,1
AussieOzzy,1
gradientusername,1
Fast-Manufacturer381,1
lastonelater,1
SaveDnet-FRed0,1
Unfortunateprune,1
MadeUp762,1
UndoneCrystal,1
BiBitch144,1
No_Silver_8933,1
The-Greythean-Void,1
50501-supporter,1
PMmePowerRangerMemes,1
twodaywillbedaisy,1
AddictedTrainwreck,1
ShirazGypsy,1
tinyrevolutions45,1
Grootdrew,1
lovelylittleanon,1
Foronerd,1
EndColonization,1
FlintCityTimes,1
Muted_Guarantee3105,1
blueberry_cupcake647,1
Informal-Drawing692,1
o0oo00o0o,1
HealingWithNature,1
Pebblesfsharpclaw,1
baconfriedpork,1
EndTimesBeUponYe,1
Double-Plan-9099,1
Active_Ad_3377,1
Choice-Birthday-2235,1
urban_primitive,1
AnarchoTechBitch,1
LacedUpBeatDown,1
TaterTatras,1
cinnatwirls,1
Fire-Haus,1
Humpbackweyl,1
PrestigiousEnd3753,1
Ok_Boysenberry_7245,1
Liberte_ouvriere,1
Chocolate_Milky_Way,1
purevndlsm,1
21stcenturydiyboy,1
Anarchoprofemes,1
yeahbitchmagnet,1
wrmredsugar,1
Fabulous-Tadpole-520,1
archbid,1
elizabethuhhhh,1
Capable_Specialist35,1
RosethornRanger,1
PepperBoggz,1
frog_shiz,1
JuanofLeiden,1
Odd-Quality-11,1
pussylicious420,1
emergy_2477,1
pksanti,1
RPG_boi,1
throwaway_acc1312,1
FoodNotBombsBen,1
IntelligentPeace4090,1
domicus8,1
rankpapers,1
ProfilePrudent3879,1
k4lipso,1
AmarzzAelin,1
blackodethilaEnjoyer,1
thewanderingseeker,1
Prior-Influence-1080,1
eliaspowers,1
Hydr0g3n_I0dide,1
throwaway_7226,1
anarchabunbun,1
BusComprehensive9188,1
igomarsound,1
bratslava_bratwurst,1
20chocolatethunda,1
curiouscat-rebirthed,1
MachinaExEthica,1
Long-Interaction8848,1
Euphoric-Mood5229,1
Salt_Helicopter1982,1
Jia161,1
MelodicDeathGrowl,1
Secure-Act-7650,1
handsomedad,1
Mysterious_Clock_943,1
dpeaceYT,1
kimonoko,1
Ok-Box8158,1
Faeldar2223,1
amadan_an_iarthair,1
ocherthulu,1
LouisThinksAlot,1
NekonikonPunk,1
Kortal-Mombat,1
MCUnknowngotbarz,1
GiftToTheUniverse,1
FriendshipBorn929,1
Living_Papaya_7793,1
DarkSouIs17,1
Aleor_28,1
campbellscrambles,1
NoBackground7266,1
Jewstun,1
somber_autumn,1
femboysRlife72,1
tzaeru,1
GoofyAhh313,1
antifacistandproud,1
Creative-Flatworm297,1
NoExceptions1312,1
InternalAbroad8491,1
anarcho-slut,1
Central_JohnBradford,1
Art-X-,1
FoxTailMoon,1
Thiasus1,1
zenmasterdredd,1
AdventurousAverage11,1
Wumbo_Chumbo,1
GrungeSeabunny,1
soberpunk,1
Cold_Platypus_2104,1
ceropoint,1
thejuryissleepless,1
Hefty_Rich6269,1
hi-my-name-is-not,1
Comfortable-Bag7100,1
amo928,1
Aggressive-Tale6363,1
sharpteethx,1
ZealousidealAd7228,1
Exciting_Chapter4534,1
just_a_kat_161,1
Poulutumurnu,1
Iggy6Jay,1
pean-,1
Hamiiitha,1
Emergency_Okra_2466,1
Ofishal_Fish,1
KelbyTheWriter,1
transcendent167,1
MiroWiggin,1
split1221,1
incogkneegrowth,1
runningagainstwind88,1
blue_cherrypie,1
LivGames17,1
alcoholichomogeneous,1
ButterscotchThick576,1
Berito666,1
spongebob_quarepants,1
neperian_logarithm,1
pinchepinata,1
desideratafilm,1
Silly-Position-6259,1
autonomommy,1
kinvore,1
MrCaptainDickbutt,1
Quantinilification,1
plain_ass_username,1
SystemicAnarchy,1
MostPsychological602,1
PoetAccountant,1
Neon-Algae3791,1
Buffaloman2001,1
BorisDaCommie,1
AssortedGourds,1
VoluntaryViola,1
OwlHeart108,1
GoblinModeMedia,1
CatTurtleKid,1
AnomalousGravitation,1
PlatformVegetable887,1
squirrelkid00,1
Ok-Pineapple7480,1
JLS_infinesse,1
The-Lord_ofHate,1
xtc_dwarf,1
Hircus2,1
chronic314,1
Significant-Pin162,1
TheAmericanPericles,1
Rhyelm,1
infl1ct1on,1
BluePony1952,1
tufyufyu,1
OtterinTrenchCoat,1
Beautiful-Shallot943,1
AnonymousDouglas,1
NecessaryBorn5543,1
pasture2future,1
squeakyspacetraveler,1
Feisty_Journalist362,1
LonelyFa4675,1
meowwmeow1,1
QuietSiren8,1
Hiraethum,1
Swimming-Credit7058,1
ComprehensiveCrab50,1
Worried-Fee-736,1
Deathofimperialists,1
SethCharette,1
Maximum_Spend3199,1
Low-School-1829,1
Senior_Ad_6799,1
Tyrant45-,1
thatsecondguywhoraps,1
Strawb3rryJam111,1
sleepy_din0saur,1
Puzzleheaded_Tree290,1
Electronic_Mind28,1
Tanger400,1
Zelon1,1
fipat,1
wearethepeople_5,1
realmefron,1
Brave_Charity323,1
CiconiaBorn,1
SerialExperimentsPT,1
FancyPerspective5693,1
bunnysan45,1
Karuna_free_us_all,1
KefirFan,1
CommunalistLibrary,1
BIGTIDYLUVER,1
Chobeat,1
Wangman72,1
International-Cup143,1
Competitive-Body724,1
constantderp,1
an-com-42,1
Weekly-Meal-8393,1
jotundaggers,1
PMM-music,1
6I6AM6,1
Top_Bus9467,1
iCatalinul,1
Lamont-Cranston,1
GenderDeputy,1
Sabbatsoldforah,1
NotUrMum77,1
Anomander2000,1
CHRISCHANDIDWHAT,1
need-help-ic,1
crazymusicman,1
CollapseBy2022,1
fk_da_police420,1
palmosea,1
ELeeMacFall,1
innerdyllicart,1
technocraticnihilist,1
geumkoi,1
oromex,1
sinuezebmb970,1
fivespeed,1
KitchenSuch1478,1
MaxtheSquid7,1
vox-anarch,1
UpwardsStream,1
Miscalamity,1
just-_-trash,1
Needsupgrade,1
MrBunnyGif,1
CobaltPoppyCat,1
molotovcocktease_,1
Non-Real_Entity,1
Key-Gas-3301,1
SadWillow64,1
focustrader,1
LilBoiDenmark,1
Plenty-Grass2544,1
Odd-Union-2575,1
Queerlestrinha,1
filapoptosi,1
GrahminRadarin,1
Probstalexandr_,1
Gloomy_Magician_536,1
papuprogamer666,1
Agent_W4shington,1
victoriachan365,1
SeianVerian,1
sweet_crab,1
StrawbraryLiberry,1
Spirited_Peach_8776,1
Remster123,1
LadyFett555,1
Ensavil,1
CorporalUnicorn,1
Liminal_Space613,1
TheWikstrom,1
Joe_Hillbilly_816,1
thegreatself,1
Rude-Pension-5167,1
Educational_Frame_46,1
sixthousandfrogs,1
jqpeub,1
arni_ca,1
Alien-Squirrel,1
SoBeAngryAtYourSelf,1
PeasAndLoaf,1
jacobfreakinmudd,1
Child-Of-The-Vault,1
GroundbreakingWeb360,1
J20142018,1
Funny_whooper,1
Fantastic_Flight_553,1
Silver-Statement8573,1
SammySterling813,1
Educational_Fact3946,1
Simple-Term7772,1
hamsterdamc,1
usernameqwerty005,1
mkzariel,1
kwestionmark5,1
No_External4290,1
DrPappa,1
pencil_212,1
revolution_resolve,1
DiogenesD0g,1
crab_boy_1,1
jaitun_,1
TheQuietPartYT,1
BiomechTechnical,1
karlbenedict12,1
Zealousideal-Ant8463,1
crumpledcactus,1
janalisin,1
alittlebitgay21,1
dannyfinker,1
bruuuuuuuuuuuuuuuh,1
K_bydgoszcz,1
Saphira6,1
anothercryptokitty,1
Brave_Travel_5364,1
Unhappy-Plum-2597,1
TheBlackCat268,1
thewordisforest,1
icarusrising9,1
BradCowDisease,1
brainzombi3,1
No_Tea3197,1
melWud,1
Afraid-Lychee-4452,1
Nerio_Fenix,1
TheSurfingGoth,1
TenthSpeedWriter,1
GeorgeGervinTheGOAT,1
Magical_Star_Dust,1
GentleMicrocosm,1
ScrabCrab,1
yungsxccubus,1
SecretlyAurora,1
RiotDoggo,1
yacantprayawaythegay,1
RepresentativeAir723,1
justgotone1question,1
No_Understanding6177,1
Forgotten_Ahmad,1
chriswilliams1,1
Least-Bear3882,1
utka-malyutka,1
Mehnard,1
SteveDallasEsq,1
thelifeofpablo14,1
SoritesSeven,1
ElizabethThomas44,1
I_HopeThat_WasFart,1
Easy_Sheepherder_845,1
MeBollasDellero,1
EarlOfEther,1
murderinmyguccibag,1
Formal-Revolution42,1
BurningFrost21,1
GiuseppeChiaravalle,1
Turbulent-Day1120,1
TypicalWisdom,1
path_walked_alone,1
Snake_Doc16,1
MiloJay99,1
teslastats,1
v7z7v7,1
Ahmazin1,1
Specialist-Author154,1
Aromatic_Ice_5798,1
lokulater,1
Ok_Ad4453,1
stoptheloveyousave,1
Original-Set6431,1
EnvironmentalDuty734,1
Aggravating_Aioli562,1
beaverszn,1
warhorse500,1
Gold_Bank_1746,1
quaifonaclit,1
Frequent-Worth5202,1
telepathic-gouda,1
Realistic-Main-3781,1
cjae_ripplefan,1
No-Emu2492,1
SnooPeripherals2495,1
WishyWill,1
danny-dcheeto,1
infiniteoo1,1
hadassah4life,1
DividedWeStandTil,1
Foreign-Cow-1189,1
sagittarius_90,1
Remarkable-Pair-3840,1
16stretch,1
Meowarrior99,1
Actual_Ad662,1
Few_Train3208,1
medicineman1650,1
worklife321,1
ElectricOpal800,1
Red_FaIcon,1
Ok_Wrangler_7940,1
Careless_Disco,1
Electrical_Mode190,1
WorkSuspicious7959,1
Monk4201,1
cocoa4chew,1
EmuRepresentative663,1
Beepboopblapbrap,1
karlohlemann,1
rsweb,1
Mysterious_Year1975,1
Accomplished_Shoe962,1
Simple-Rip-4093,1
Necessary_Car2279,1
marksman81991,1
riotgurlrage,1
StorageCrazy2539,1
woofiedoofie,1
awdorrin,1
skeetsters,1
ColoradoStrom,1
iLikeSmallGuns,1
No-Leather-3786,1
Ok_Profile3081,1
FirstWitchHunter,1
Alarming-Upstairs963,1
Business-Writer-7874,1
joshuadwright,1
LazyTangelo1249,1
Upper_Produce881,1
Due_Structure_2265,1
workerrights888,1
danielfantastiko,1
Some-Tell-999,1
PROF_SnuggleWumps,1
BarzyBear,1
EnvironmentOk5411,1
Fantastic_Story1086,1
NWIOWAHAWK,1
jcr1151,1
Creepy_Reindeer_9818,1
Seliftidder,1
ifellicantgetup,1
getpesty,1
Puzzleheaded_Truck80,1
8888888u8uuh,1
Little_Study_57,1
OkIntention2545,1
Snorgledork,1
DoughnutItchy3546,1
mathers101,1
Isacobs_35160_LHM,1
DramaticErraticism,1
DecentForever343,1
BaginaJon,1
hern0gjensen,1
Pax_87,1
Jester62,1
Keeper_Tax,1
damndirtyape,1
HolcroftA,1
StudentOk6301,1
BordAccord,1
ChronosBlitz,1
KevKev52,1
AT_Dande,1
hoochie69mama,1
masterfoo,1
ColossusOfChoads,1
Alone-Sky-2086,1
IvantheGreat66,1
NoiseHonest6485,1
muchhuman,1
Alert-Algae-6674,1
Cidodino,1
Complete-Rub2289,1
joeyda3rd,1
KeyIndication997,1
JayReddt,1
tardiscoder,1
invariantspeed,1
DinoIronbody1701,1
Ok-Cardiologist1922,1
Status_Catch3445,1
katienoyes,1
Impossible_Ad9324,1
TacosAndBourbon,1
BattleCryofPeace,1
Sammodile,1
SweetOwl4795,1
Curious_Promise7296,1
coskibum002,1
Rast8787,1
Anon_2425,1
Prize-Prize1456,1
MoishaSchwarzter,1
nerdariffic,1
Ok_Professional_3265,1
Organic_Sunshine_551,1
CodeHard84,1
Constant-Interest686,1
PerformanceBubbly393,1
hy7211,1
Ready-Egg-9864,1
V-Matic_VVT-i,1
theuburrgerboi,1
DanteColon,1
theredeemables,1
Ok-House-6848,1
-Jacob-Seed-,1
MasonManna1,1
Ornery-Honeydewer,1
Pro_Mom17,1
Negative_Budget_598,1
Plane-Champion-7403,1
oohe,1
wiz28ultra,1
Ok_Prior5128,1
jeganthanR,1
96suluman,1
Vegetable-Worry-7335,1
SalineSeltzer,1
kidshitstuff,1
ProblemUsual7428,1
foxwilliam,1
Mammoth_Mistake_477,1
trying1more,1
Taysha812,1
beme325,1
baxterstate,1
Illustrious-Site1101,1
Motherfolk,1
The_Triten,1
Raichu4u,1
Successful-Coyote99,1
morecreamerplease,1
Square_Literature192,1
premeddit,1
AzureWra1th,1
Hairy_Distance_6349,1
guanaco55,1
Professional-Wave-53,1
gent4you,1
austinmo2,1
Rjb9156,1
atyl1144,1
commanderfish,1
agnes_unicorn_pop,1
omgfakeusername,1
Tenchi2020,1
BluBeeCA,1
votenixon25,1
Straum6,1
DimensionThin147,1
nailswithoutanymilk1,1
InfectiousDs,1
woowoo293,1
pmekonnen,1
Busy_Reading_5103,1
Rubysdad1975,1
Shaggyguitardude,1
No_Programmer_5229,1
bonnyatlast,1
WallStreetDoesntBet,1
waffen123,1
Loud-Firefighter-787,1
Sufficient-Ad-7050,1
Minimac1029,1
DamemaGlitcher,1
legalbeagle001,1
awesomedan24,1
GawkerRefugee,1
alpacinohairline,1
whiskylion,1
TheLaraSuChronicles,1
Few-Tradition-5741,1
simrobwest,1
Numerous_Fly_187,1
Ohnomon,1
wjbc,1
LTora1993,1
Visible-Bicycle4345,1
GEDlesson,1
Bitter-Ad7852,1
andrewjhn1,1
AmericanBornWuhaner,1
Magsy117,1
CypressThinking,1
THEONLYMILKY,1
Space_Cowfolk,1
Shrapnaldeposit1,1
International-Drag23,1
Cold-Environment-634,1
CriticalThinkerHmmz,1
swazal,1
Ok_Secret1117,1
Old_Cockroach_9725,1
AdDifficult3794,1
Jorrislame,1
bindrosis,1
PM-ME-SMILES-PLZ,1
Maryland_Bear,1
xlutch123,1
byoz,1
GoatseFarmer,1
MeanBalance,1
zanpancan,1
lewyseatsbabies,1
Crownie,1
LilDJ000,1
Farscape12Monkeys,1
AshSilverwood,1
rabies3000,1
AddemF,1
cos,1
decorama,1
ghgerytvkude,1
Ok_Signature_8844,1
JFedkiw,1
Bosanova_B,1
Project_Rees,1
JustMyOpinionz,1
Fly_Casual_16,1
parenthetical_phrase,1
GoodPharma,1
Maoern,1
sunnysidejacqueline,1
cree8vision,1
JASPER933,1
zwaaa,1
Thevsamovies,1
Darillium-,1
jayclaw97,1
ATC_av8er,1
ShyLeoGing,1
PRguy82,1
tambrei,1
PrintOk8045,1
EarlyAttention8323,1
Runner_one,1
No_Rhubarb5155,1
Mundane_Common_6468,1
dlw26,1
DoktorAusgezeichnet,1
Tymofiy2,1
ptrdo,1
shadylady1976,1
ladymorgahnna,1
NewMunicipalAgenda,1
TaborGoats,1
Profitopia,1
rejs7,1
Chungus_Big_69,1
RadicalOrganizer,1
Such_Lemon_4382,1
Sissy63,1
wokeiraptor,1
Alohabailey_00,1
IeatlikeKing,1
rexoxolux_,1
Tehjayaluchador,1
PacificSun2020,1
Cautious-Meeting4000,1
Nearby_Captain1141,1
Angelo_Papas91,1
longnuttz,1
Maximum-Stick4477,1
mattokent,1
KushmaelMcflury,1
SquatchK1ng,1
riddlesniffer,1
unannounced-insanity,1
Interesting_Mix3133,1
Blue_Giraffe-Dragon,1
Biggiecheese1207,1
Smore_King,1
DiscJuice,1
NoticeAwkward1594,1
fentino7,1
bitchan4,1
KoopaFan74,1
Prototype_xtc,1
Tacklinggnome87,1
Catdaddy84,1
YallerDawg,1
MrBootsie,1
Shadow328,1
20_mile,1
t0il3t,1
catcher_in_the_naan,1
piede,1
FinallyNoelle,1
Southern-Mechanic199,1
MarkmBha,1
MoonlitSerendipity,1
_landrith,1
takethemoment13,1
8BitsSavage,1
RebelPizza,1
rdsx1901,1
goldbladess,1
-Clayburn,1
teacher-dude,1
craigjclark68,1
PdSales,1
RepSaraJacobs,1
SurfRnR,1
Andrew_Codes_,1
-------7654321,1
A-Wise-Cobbler,1
Suspicious_Copy911,1
atrimarco,1
pit_of_despair666,1
jsatz,1
TerritorialNoob,1
imthebet,1
Rustymarble,1
mikewheelerfan,1
AlabamaDemocratMark,1
Exotic-Sea-2767,1
velvetneve,1
Suspect118,1
hamza1187,1
BrightEconomics,1
Anne_Scythe4444,1
Soapyfreshfingers,1
TheBarnacle63,1
Rain616_,1
stairs_3730,1
vgaph,1
ttforum,1
JackJack65,1
WhataHaack,1
CelestialFury,1
MariaFan356,1
MantaRay2256,1
il_biciclista,1
Chocolateking111,1
heylistenlady,1
medleyj,1
staybrut4l,1
HumanLike,1
Funlovinpsycho,1
In4thelongrun_,1
DeliciousV0id,1
SalesDude1,1
WeR_SoEffed,1
stinglikebutterbee,1
Quarrelsomechicken,1
Particular_Sky4083,1
HumanistRuth,1
ghandi95,1
johnjones4,1
jmonumber3,1
SpecialSymbols,1
slayingcatdog,1
FereinTracke,1
JarretIsSkibidi,1
DatAspie2000,1
Gekkii,1
BoredMillennial85,1
SocialistDebateLord,1
AMC4x4,1
SleepyKee,1
PapaSanjay,1
StrictlyOk,1
Lanky-Warthog5243,1
G-Unit11111,1
Ok_South9239,1
MilitantWorkingClass,1
Much_Problem_8166,1
LBAIGL,1
jonumand,1
milkmanrichie,1
Big_Calendar_1350,1
Acuallyizadern93,1
mars_2030,1
Godfather_Guzma,1
EnduringPhoenix,1
LukeD1992,1
lyssthebitchcalore,1
heypartygoers,1
DeepEmergency6060,1
Simple-Syllabub-6865,1
almostmaybes,1
daschle04,1
lou---lou22,1
2020surrealworld,1
daydaylin,1
DronedAgain,1
bhultquist84,1
CharlieMacchia,1
jenyj89,1
thepeoplessgt,1
Educational_Hold6494,1
TaylorHu,1
Sunfofun,1
Quick_Movie_5758,1
Fabulous-Manner-1195,1
LordGreybies,1
mmiexell,1
Mugu_Surfer,1
WowzerMario,1
Fit-Protection5399,1
Krieg_meatbicycle,1
Mezcauly_Culkin,1
Such-Ideal-8724,1
Definitelymostlikely,1
Stunning-Rock-3117,1
TheLovelyLorelei,1
thatredditscribbler,1
Bdogiscracked,1
ApatheticProgressive,1
TsumeOkami,1
Legitimate_Ad_4620,1
Keith502,1
Far-Seat-2263,1
BlackberryActive3039,1
EducationalCry7033,1
Hutzpahya,1
Weekly_Soft1069,1
ksmit098,1
lennybriscoforthewin,1
wrenvoltaire,1
krishanakj,1
_invest_,1
Frequent_Table7869,1
Fancysammiches13,1
Dependent-Break5324,1
Olkeus,1
DigitalHeartbeat729,1
steilasaroon,1
hikebikeeat,1
Vienta1988,1
delcooper11,1
Anonymous0Existence,1
womanonawire,1
Big-Degree1548,1
Argentarius1,1
Smarterthanthat,1
mikacello,1
OkuroIshimoto,1
TheGreatLiberalGod,1
x-plorer,1
danstigz,1
golgi42,1
SpaceMan420gmt,1
Longjumping_Leek151,1
missandilou,1
BaskingInWanderlust,1
Amphibious_cow,1
Patient_Reach439,1
mistymiso,1
rjray,1
FlyingPotionsFactory,1
iridescentnightshade,1
Successful-Ask9091,1
starriiieee,1
fury_of_el_scorcho,1
joetravers,1
Farmwife64,1
nar_tapio_00,1
RedBaronsBrother,1
like_a_pearcider,1
Altruistic_Age5645,1
fuelstaind,1
Soft_Introduction437,1
jfreak53,1
friendnotfiend,1
LimeSugar,1
didy115,1
Gheelalt,1
bud9342,1
DaneCz123,1
Dekuscrub100,1
Ok_Mango_6887,1
phunphan,1
Whimsywynn3,1
patientguitar,1
UmbraVGG,1
meera_jasmine1,1
froststomper,1
Sabrvlc,1
Professional_Bundler,1
GreatPumpkin72,1
Calveeeno,1
BeigeSofa,1
ExtentEfficient2669,1
FragrantChipmunk4238,1
MikelFury,1
XANON1984,1
thefam7223,1
ConfidentHistory9080,1
SecondStage1983,1
DonkeyBonked,1
LxveyLadyM00N,1
Cleverwabbit5,1
tiniestfriend,1
Available_Ad7720,1
thisdckaintFREEEE,1
Nillavuh,1
AshandAmbrose,1
WeenFan4Life,1
thewaltz77,1
notsubwayguy,1
Electric1800,1
cecirdr,1
geak78,1
xxiviq,1
sasha_fierceee,1
plasticpixels,1
jastangl,1
Jennyelf,1
MaxCantaloupe,1
clairvoyant69,1
Substantial-Award269,1
Extensionfalse1320,1
blue-monday22,1
texasinauguststudio,1
Ranchdressing_clown,1
HonoredPeople,1
Wild_Win_1965,1
bellboy905,1
Accomplished-Bug4327,1
zelphwithbrokenshelf,1
Potential_One1,1
AnyEnvironment2492,1
Comfortable-Ebb-2859,1
Danica1945,1
NicholasRyanH,1
gcscotty,1
Sir-Kyle-Of-Reddit,1
GlowstoneLove,1
jaker9319,1
fathompin,1
daveythepirate,1
WTFaulknerinCA,1
TW_RiceMilk,1
Honest_Report_8515,1
Necessary-Peace9672,1
Professional_Sir_818,1
stlredbird,1
sherab2b,1
ChallengeAdept8759,1
AfroCracker,1
foxinHI,1
DarkSoulCarlos,1
IdealExtension3004,1
TradishSpirit,1
GutCart,1
blahblah19999,1
diversalarums,1
Due-Designer4078,1
Westsidebill,1
MarquisEXB,1
shadowofpurple,1
Benevolentish,1
Mantree91,1
joshua0005,1
GameOfBears,1
ImmortalityLTD,1
Best-Subject-7253,1
Bovoduch,1
pdxf,1
AequusEquus,1
Kerouwhack,1
JustinThymme,1
disdkatster,1
1makbay1,1
Separate_Ad1046,1
greenblue98,1
SundayJeffrey,1
EmperorYoda1987,1
CGLT_1748,1
Andurhil1986,1
Polyphagous_person,1
Kiflaam,1
Dave_Kingman,1
Miqag,1
nyuboy1,1
Stepahknee1985,1
theivoryserf,1
tacobytes,1
not_my_real_usernam3,1
raggamuffin1357,1
BlockAffectionate413,1
PerceptionOrganic672,1
Rare_Requirement_699,1
lafindestase,1
Bubbly-Two-3449,1
BalanceGreat6541,1
mrcsrnne,1
thatdamnorange,1
Substantial-Soup-730,1
ProtomorphPosting,1
Pro_Human_,1
fufairytoo,1
AffectionateCase2325,1
SeaABrooks,1
neilmod,1
dylanc650,1
narfnarf123,1
ThisCommentEarnedMe,1
HotSpinach7865,1
seemontyburns,1
smeggysoup84,1
AgentDoggett,1
2ndplaceBrennan,1
DiRty_BiRd_77,1
Conscious-Scene1158,1
pollo_de_mar,1
AgentEndive,1
Far_Link_7533,1
eVilleMike,1
meta_microbe_main,1
r0099,1
No_Significance_573,1
ItisyouwhosaythatIam,1
Bright-Tops5691,1
Miichl80,1
solomons-marbles,1
superkrizz77,1
CallAParamedic,1
TheFakeBobaFett,1
MortyCatbutt,1
WildAd6370,1
Huey-_-Freeman,1
New_Citizen,1
SaintGodfather,1
Kaje26,1
Psythusforreal,1
GarbageCleric,1
ellieminnow,1
tracyf600,1
phileconomicus,1
Djgogi059,1
lostinsauceyboi,1
Syllable_Witch,1
theblueowlisdead,1
pichicagoattorney,1
colorfulnina,1
deadshot1138,1
Inside-Light4352,1
Kkimp1955,1
FlowerFaerie13,1
trimojo,1
Terakian,1
Time-Turnip-2961,1
johntwinkle,1
EmojiZackMaddog,1
lumpkin2013,1
NoLingonberry4261,1
louisianapelican,1
JuniperCassie,1
Calm_Salamander_1367,1
NoMention1552,1
TonyD9898,1
Kindly_Visit_3871,1
Transcentasia,1
Important_Cat_524,1
book-3,1
breaking-atom,1
Grand-Page-1180,1
GetnLine,1
IsawUstandingThere,1
Far_Refrigerator5601,1
stumpjungle,1
planeruler,1
Fxguy1,1
ShaneKaiGlenn,1
bellamllagun0,1
NIMBYmagnet29,1
WL661-410-Eng,1
DeadTiredOfThisShit,1
prodigy1367,1
davvolun,1
badpopeye,1
swcollings,1
College-Lumpy,1
justsomeguyoukno,1
subsaver3100,1
Boubbie1975,1
searchamon17,1
MidnightFlowertooth,1
Jet_Maal,1
PublicTell7976,1
BongDie,1
Domosenpai64,1
FunFunFun8,1
SwimmingThroughHoney,1
blastmemer,1
swoopydog,1
politehornyposter,1
TrackAdmirable2020,1
AgreeableDig1619,1
Sspmd11,1
v8_87_01_05_17,1
No_Clock2390,1
neepster44,1
Savings-Pumpkin3378,1
briant0918,1
LTNBFU,1
Juliemaylarsen,1
Famijos,1
wafflesareforever,1
moononyx,1
kk20002,1
StayAtHomePlantDaddy,1
Choice-Resolution-92,1
Leather-Map-8138,1
cobbler888,1
BurnerPlayboiCarti,1
Claque-2,1
daffylilly,1
AwakeningStar1968,1
siandresi,1
ShutUpRedditor44,1
